timestamp,node_id,seq,pitch,roll,tilt,j2,j3,rain,alert,label,latency_ms,e2e_ms
2026-06-10 14:05:14,N03,529,-0.2,0.2,0.3,5.0,29.0,0,0,0,0.015735626220703125,0.0
2026-06-10 14:05:21,N01,7,0.0,0.0,0.0,52.0,45.0,0,0,0,0.034809112548828125,0.0
2026-06-10 14:05:23,N03,530,-0.1,0.2,0.3,6.0,30.0,0,0,0,0.03552436828613281,0.0
2026-06-10 14:05:30,N01,8,0.0,0.0,0.0,52.0,45.0,0,0,0,0.03910064697265625,0.0
2026-06-10 14:05:39,N01,9,0.0,0.0,0.0,52.0,45.0,0,0,0,0.030040740966796875,0.0
2026-06-10 14:05:49,N01,10,0.0,0.0,0.0,51.0,44.0,0,0,0,0.026702880859375,0.0
2026-06-10 14:05:58,N01,11,0.0,0.0,0.0,51.0,44.0,0,0,0,0.0133514404296875,0.0
2026-06-10 14:06:07,N01,12,0.0,0.0,0.0,51.0,43.0,0,0,0,0.027894973754882812,0.0
2026-06-10 14:06:58,N01,0,-0.8,-0.3,0.9,60.0,51.0,0,0,1,0.027179718017578125,0.0
2026-06-10 14:07:08,N01,1,0.0,0.0,0.0,54.0,46.0,0,0,0,0.026941299438476562,0.0
2026-06-10 14:07:17,N01,2,0.0,0.0,0.0,52.0,45.0,0,0,0,0.019550323486328125,0.0
2026-06-10 14:07:26,N01,3,0.0,0.0,0.0,51.0,44.0,0,0,0,0.027179718017578125,0.0
2026-06-10 14:07:35,N01,4,-0.1,0.0,0.1,51.0,44.0,0,0,0,0.026464462280273438,0.0
2026-06-10 14:07:45,N01,5,0.0,0.0,0.0,50.0,43.0,0,0,0,0.027418136596679688,0.0
2026-06-10 14:07:59,N02,0,0.0,0.0,0.0,49.0,43.0,0,0,0,0.0286102294921875,0.0
2026-06-10 14:08:09,N02,1,0.0,0.0,0.0,49.0,43.0,0,0,0,0.027179718017578125,0.0
2026-06-10 14:08:18,N02,2,0.0,0.0,0.0,49.0,43.0,0,0,0,0.013828277587890625,0.0
2026-06-10 14:08:27,N02,3,0.0,0.0,0.0,49.0,43.0,0,0,0,0.027418136596679688,0.0
2026-06-10 14:08:36,N02,4,0.0,0.0,0.0,49.0,43.0,0,0,0,0.0286102294921875,0.0
2026-06-10 14:08:46,N02,5,0.0,0.0,0.0,48.0,42.0,0,0,0,0.027179718017578125,0.0
2026-06-10 14:08:55,N02,6,0.0,0.0,0.0,48.0,42.0,0,0,0,0.026702880859375,0.0
2026-06-10 14:09:04,N02,7,0.0,0.0,0.0,48.0,42.0,0,0,0,0.027418136596679688,0.0
2026-06-10 14:09:14,N02,8,0.0,0.0,0.0,48.0,42.0,0,0,0,0.027418136596679688,0.0
2026-06-10 14:09:23,N02,9,0.0,0.0,0.0,48.0,42.0,0,0,0,0.028133392333984375,0.0
2026-06-10 14:09:32,N02,10,0.0,0.0,0.0,47.0,42.0,0,0,0,0.027418136596679688,0.0
2026-06-10 14:09:41,N02,11,0.0,0.0,0.0,47.0,42.0,0,0,0,0.02765655517578125,0.0
2026-06-10 14:09:50,N02,12,0.0,0.0,0.0,47.0,42.0,0,0,0,0.027894973754882812,0.0
2026-06-10 14:09:59,N02,13,0.0,0.0,0.0,47.0,42.0,0,0,0,0.026941299438476562,0.0
2026-06-10 14:10:09,N02,14,0.0,0.0,0.0,47.0,42.0,0,0,0,0.027179718017578125,0.0
2026-06-10 14:10:18,N02,15,0.0,0.0,0.0,47.0,42.0,0,0,0,0.027418136596679688,0.0
2026-06-10 14:10:27,N02,16,0.0,0.0,0.0,47.0,41.0,0,0,0,0.028133392333984375,0.0
2026-06-10 14:10:36,N02,17,0.0,0.0,0.0,46.0,41.0,0,0,0,0.026941299438476562,0.0
2026-06-10 14:10:46,N02,18,0.0,0.0,0.0,46.0,41.0,0,0,0,0.028371810913085938,0.0
2026-06-10 14:10:55,N02,19,0.0,0.0,0.0,46.0,41.0,0,0,0,0.028133392333984375,0.0
2026-06-10 14:11:04,N02,20,0.0,0.0,0.0,46.0,40.0,0,0,0,0.026941299438476562,0.0
2026-06-10 14:11:13,N02,21,0.0,0.0,0.0,45.0,40.0,0,0,0,0.026941299438476562,0.0
2026-06-10 14:11:23,N02,22,0.0,0.0,0.0,46.0,41.0,0,0,0,0.028133392333984375,0.0
2026-06-10 14:11:32,N02,23,0.0,0.0,0.0,45.0,40.0,0,0,0,0.02765655517578125,0.0
2026-06-10 14:11:41,N02,24,0.0,0.0,0.0,45.0,40.0,0,0,0,0.028133392333984375,0.0
2026-06-10 14:11:50,N02,25,0.0,0.0,0.0,46.0,40.0,0,0,0,0.027179718017578125,0.0
2026-06-10 14:12:00,N02,26,0.0,0.0,0.0,45.0,40.0,0,0,0,0.02574920654296875,0.0
2026-06-10 14:12:09,N02,27,0.0,0.0,0.0,45.0,39.0,0,0,0,0.027179718017578125,0.0
2026-06-10 14:12:18,N02,28,0.0,0.0,0.0,45.0,39.0,0,0,0,0.026702880859375,0.0
2026-06-10 14:12:27,N02,29,0.0,0.0,0.0,45.0,40.0,0,0,0,0.028133392333984375,0.0
2026-06-10 14:12:37,N02,30,0.0,0.0,0.0,45.0,39.0,0,0,0,0.026941299438476562,0.0
2026-06-10 14:12:46,N02,31,0.0,0.0,0.0,45.0,40.0,0,0,0,0.027179718017578125,0.0
2026-06-10 14:12:55,N02,32,0.0,0.0,0.0,45.0,40.0,0,0,0,0.026702880859375,0.0
2026-06-10 14:13:05,N02,33,0.0,0.0,0.0,44.0,39.0,0,0,0,0.027418136596679688,0.0
2026-06-10 14:13:14,N02,34,0.0,0.0,0.0,44.0,39.0,0,0,0,0.027894973754882812,0.0
2026-06-10 14:13:23,N02,35,0.0,0.0,0.0,45.0,39.0,0,0,0,0.02765655517578125,0.0
2026-06-10 14:13:32,N02,36,0.0,0.0,0.0,44.0,39.0,0,0,0,0.026702880859375,0.0
2026-06-10 14:13:42,N02,37,0.0,0.0,0.0,44.0,39.0,0,0,0,0.027179718017578125,0.0
2026-06-10 14:13:51,N02,38,0.0,0.0,0.0,44.0,39.0,0,0,0,0.027894973754882812,0.0
2026-06-10 14:14:00,N02,39,0.0,0.0,0.0,44.0,39.0,0,0,0,0.026702880859375,0.0
2026-06-10 14:14:09,N02,40,0.0,0.0,0.0,44.0,38.0,0,0,0,0.026941299438476562,0.0
2026-06-10 14:14:18,N02,41,0.0,0.0,0.0,44.0,38.0,0,0,0,0.027179718017578125,0.0
2026-06-10 14:14:27,N02,42,0.0,0.0,0.0,44.0,39.0,0,0,0,0.027894973754882812,0.0
2026-06-10 14:14:37,N02,43,0.0,0.0,0.0,44.0,39.0,0,0,0,0.028371810913085938,0.0
2026-06-10 14:14:46,N02,44,0.0,0.0,0.0,44.0,39.0,0,0,0,0.026941299438476562,0.0
2026-06-10 14:14:55,N02,45,0.0,0.0,0.0,44.0,39.0,0,0,0,0.027418136596679688,0.0
2026-06-10 14:15:05,N02,46,0.0,0.0,0.0,43.0,38.0,0,0,0,0.030517578125,0.0
2026-06-10 14:15:14,N02,47,0.0,0.0,0.0,44.0,38.0,0,0,0,0.027179718017578125,0.0
2026-06-10 14:15:24,N02,48,0.0,0.0,0.0,43.0,38.0,0,0,0,0.025033950805664062,0.0
2026-06-10 14:15:33,N02,49,0.0,0.0,0.0,43.0,38.0,0,0,0,0.026464462280273438,0.0
2026-06-10 14:15:42,N02,50,0.0,0.0,0.0,43.0,38.0,0,0,0,0.027418136596679688,0.0
2026-06-10 14:15:52,N02,51,0.0,0.0,0.0,43.0,38.0,0,0,0,0.026464462280273438,0.0
2026-06-10 14:16:01,N02,52,0.0,0.0,0.0,43.0,37.0,0,0,0,0.027179718017578125,0.0
2026-06-10 14:16:10,N02,53,0.0,0.0,0.0,43.0,38.0,0,0,0,0.02765655517578125,0.0
2026-06-10 14:16:19,N02,54,0.0,0.0,0.0,43.0,38.0,0,0,0,0.025987625122070312,0.0
2026-06-10 14:16:29,N02,55,0.0,0.0,0.0,43.0,38.0,0,0,0,0.026464462280273438,0.0
2026-06-10 14:16:38,N02,56,0.0,0.0,0.0,43.0,38.0,0,0,0,0.026941299438476562,0.0
2026-06-10 14:16:47,N02,57,0.0,0.0,0.0,42.0,37.0,0,0,0,0.02765655517578125,0.0
2026-06-10 14:16:56,N02,58,0.0,0.0,0.0,43.0,38.0,0,0,0,0.027179718017578125,0.0
2026-06-10 14:17:06,N02,59,0.0,0.0,0.0,43.0,37.0,0,0,0,0.02765655517578125,0.0
2026-06-10 14:17:15,N02,60,0.0,0.0,0.0,42.0,37.0,0,0,0,0.026941299438476562,0.0
2026-06-10 14:17:24,N02,61,0.0,0.0,0.0,43.0,37.0,0,0,0,0.02765655517578125,0.0
2026-06-10 14:17:33,N02,62,0.0,0.0,0.0,42.0,37.0,0,0,0,0.028133392333984375,0.0
2026-06-10 14:17:43,N02,63,0.0,0.0,0.0,43.0,37.0,0,0,0,0.026941299438476562,0.0
2026-06-10 14:17:52,N02,64,0.0,0.0,0.0,43.0,37.0,0,0,0,0.027418136596679688,0.0
2026-06-10 14:18:01,N02,65,0.0,0.0,0.0,42.0,37.0,0,0,0,0.0247955322265625,0.0
2026-06-10 14:18:10,N02,66,0.0,0.0,0.0,43.0,38.0,0,0,0,0.027418136596679688,0.0
2026-06-10 14:18:20,N02,67,0.0,0.0,0.0,42.0,37.0,0,0,0,0.02574920654296875,0.0
2026-06-10 14:18:29,N02,68,0.0,0.0,0.0,43.0,37.0,0,0,0,0.028133392333984375,0.0
2026-06-10 14:18:38,N02,69,0.0,0.0,0.0,42.0,37.0,0,0,0,0.027418136596679688,0.0
2026-06-10 14:18:48,N02,70,0.0,0.0,0.0,42.0,37.0,0,0,0,0.027179718017578125,0.0
2026-06-10 14:18:57,N02,71,0.0,0.0,0.0,43.0,37.0,0,0,0,0.027418136596679688,0.0
2026-06-10 14:19:06,N02,72,0.0,0.0,0.0,42.0,37.0,0,0,0,0.027418136596679688,0.0
2026-06-10 14:19:15,N02,73,0.0,0.0,0.0,42.0,37.0,0,0,0,0.02765655517578125,0.0
2026-06-10 14:19:25,N02,74,0.0,0.0,0.0,42.0,36.0,0,0,0,0.026702880859375,0.0
2026-06-10 14:19:34,N02,75,0.0,0.0,0.0,42.0,37.0,0,0,0,0.027418136596679688,0.0
2026-06-10 14:19:43,N02,76,0.0,0.0,0.0,42.0,37.0,0,0,0,0.028133392333984375,0.0
2026-06-10 14:19:52,N02,77,0.0,0.0,0.0,42.0,37.0,0,0,0,0.026941299438476562,0.0
2026-06-10 14:20:02,N02,78,0.0,0.0,0.0,42.0,36.0,0,0,0,0.026941299438476562,0.0
2026-06-10 14:20:11,N02,79,0.0,0.0,0.0,42.0,37.0,0,0,0,0.027179718017578125,0.0
2026-06-10 14:20:20,N02,80,0.0,0.0,0.0,42.0,37.0,0,0,0,0.026464462280273438,0.0
2026-06-10 14:20:29,N02,81,0.0,0.0,0.0,42.0,37.0,0,0,0,0.02765655517578125,0.0
2026-06-10 14:20:38,N02,82,0.0,0.0,0.0,42.0,37.0,0,0,0,0.026702880859375,0.0
2026-06-10 14:20:48,N02,83,0.0,0.0,0.0,42.0,37.0,0,0,0,0.026702880859375,0.0
2026-06-10 14:20:57,N02,84,0.0,0.0,0.0,42.0,36.0,0,0,0,0.026941299438476562,0.0
2026-06-10 14:21:06,N02,85,0.0,0.0,0.0,42.0,37.0,0,0,0,0.026941299438476562,0.0
2026-06-10 14:21:16,N02,86,0.0,0.0,0.0,42.0,37.0,0,0,0,0.027418136596679688,0.0
2026-06-10 14:21:25,N02,87,0.0,0.0,0.0,42.0,37.0,0,0,0,0.027418136596679688,0.0
2026-06-10 14:21:34,N02,88,0.0,0.0,0.0,42.0,37.0,0,0,0,0.026941299438476562,0.0
2026-06-10 14:21:44,N02,89,0.0,0.0,0.0,42.0,37.0,0,0,0,0.026702880859375,0.0
2026-06-10 14:21:53,N02,90,0.0,0.0,0.0,42.0,37.0,0,0,0,0.026941299438476562,0.0
2026-06-10 14:22:02,N02,91,0.0,0.0,0.0,42.0,37.0,0,0,0,0.027894973754882812,0.0
2026-06-10 14:22:11,N02,92,0.0,0.0,0.0,42.0,37.0,0,0,0,0.026226043701171875,0.0
2026-06-10 14:22:21,N02,93,0.0,0.0,0.0,42.0,37.0,0,0,0,0.027418136596679688,0.0
2026-06-10 14:22:30,N02,94,0.0,0.0,0.0,42.0,37.0,0,0,0,0.02574920654296875,0.0
2026-06-10 14:22:39,N02,95,0.0,0.0,0.0,41.0,36.0,0,0,0,0.027894973754882812,0.0
2026-06-10 14:22:48,N02,96,0.0,0.0,0.0,41.0,36.0,0,0,0,0.027894973754882812,0.0
2026-06-10 14:22:58,N02,97,0.0,0.0,0.0,41.0,36.0,0,0,0,0.027418136596679688,0.0
2026-06-10 14:23:07,N02,98,0.0,0.0,0.0,42.0,36.0,0,0,0,0.0286102294921875,0.0
2026-06-10 14:23:16,N02,99,0.0,0.0,0.0,41.0,36.0,0,0,0,0.027179718017578125,0.0
2026-06-10 14:23:26,N02,100,0.0,0.0,0.0,42.0,36.0,0,0,0,0.027418136596679688,0.0
2026-06-10 14:23:35,N02,101,0.0,0.0,0.0,41.0,36.0,0,0,0,0.02765655517578125,0.0
2026-06-10 14:23:44,N02,102,0.0,0.0,0.0,41.0,36.0,0,0,0,0.026702880859375,0.0
2026-06-10 14:23:53,N02,103,0.0,0.0,0.0,42.0,36.0,0,0,0,0.026464462280273438,0.0
2026-06-10 14:24:03,N02,104,0.0,0.0,0.0,42.0,36.0,0,0,0,0.026226043701171875,0.0
2026-06-10 14:24:12,N02,105,0.0,0.0,0.0,41.0,36.0,0,0,0,0.026941299438476562,0.0
2026-06-10 14:24:21,N02,106,0.0,0.0,0.0,42.0,36.0,0,0,0,0.026702880859375,0.0
2026-06-10 14:24:31,N02,107,0.0,0.0,0.0,41.0,35.0,0,0,0,0.027179718017578125,0.0
2026-06-10 14:24:40,N02,108,0.0,0.0,0.0,41.0,36.0,0,0,0,0.025033950805664062,0.0
2026-06-10 14:24:49,N02,109,0.0,0.0,0.0,41.0,35.0,0,0,0,0.028371810913085938,0.0
2026-06-10 14:24:58,N02,110,0.0,0.0,0.0,41.0,36.0,0,0,0,0.027179718017578125,0.0
2026-06-10 14:25:07,N02,111,0.0,0.0,0.0,41.0,35.0,0,0,0,0.026702880859375,0.0
2026-06-10 14:25:17,N02,112,0.0,0.0,0.0,41.0,35.0,0,0,0,0.027179718017578125,0.0
2026-06-10 14:25:26,N02,113,0.0,0.0,0.0,41.0,35.0,0,0,0,0.026702880859375,0.0
2026-06-10 14:25:36,N02,114,0.0,0.0,0.0,41.0,35.0,0,0,0,0.026464462280273438,0.0
2026-06-10 14:25:45,N02,115,0.0,0.0,0.0,41.0,36.0,0,0,0,0.026464462280273438,0.0
2026-06-10 14:25:54,N02,116,0.0,0.0,0.0,41.0,35.0,0,0,0,0.026702880859375,0.0
2026-06-10 14:26:03,N02,117,0.0,0.0,0.0,41.0,35.0,0,0,0,0.027179718017578125,0.0
2026-06-10 14:26:12,N02,118,0.0,0.0,0.0,40.0,35.0,0,0,0,0.026226043701171875,0.0
2026-06-10 14:26:22,N02,119,0.0,0.0,0.0,41.0,36.0,0,0,0,0.026702880859375,0.0
2026-06-10 14:26:31,N02,120,0.0,0.0,0.0,41.0,36.0,0,0,0,0.026941299438476562,0.0
2026-06-10 14:26:40,N02,121,0.0,0.0,0.0,40.0,35.0,0,0,0,0.027179718017578125,0.0
2026-06-10 14:26:49,N02,122,0.0,0.0,0.0,40.0,35.0,0,0,0,0.027179718017578125,0.0
2026-06-10 14:26:59,N02,123,0.0,0.0,0.0,41.0,35.0,0,0,0,0.026702880859375,0.0
2026-06-10 14:27:08,N02,124,0.0,0.0,0.0,41.0,35.0,0,0,0,0.026702880859375,0.0
2026-06-10 14:27:17,N02,125,0.0,0.0,0.0,41.0,35.0,0,0,0,0.027418136596679688,0.0
2026-06-10 14:27:27,N02,126,0.0,0.0,0.0,40.0,34.0,0,0,0,0.027179718017578125,0.0
2026-06-10 14:27:36,N02,127,0.0,0.0,0.0,41.0,35.0,0,0,0,0.025510787963867188,0.0
2026-06-10 14:27:45,N02,128,0.0,0.0,0.0,40.0,34.0,0,0,0,0.027179718017578125,0.0
2026-06-10 14:27:55,N02,129,0.0,0.0,0.0,40.0,34.0,0,0,0,0.026464462280273438,0.0
2026-06-10 14:28:04,N02,130,0.0,0.0,0.0,40.0,35.0,0,0,0,0.027894973754882812,0.0
2026-06-10 14:28:13,N02,131,0.0,0.0,0.0,40.0,34.0,0,0,0,0.026941299438476562,0.0
2026-06-10 14:28:23,N02,132,0.0,0.0,0.0,41.0,35.0,0,0,0,0.028133392333984375,0.0
2026-06-10 14:28:32,N02,133,0.0,0.0,0.0,41.0,35.0,0,0,0,0.027179718017578125,0.0
2026-06-10 14:28:41,N02,134,0.0,0.0,0.0,41.0,35.0,0,0,0,0.027894973754882812,0.0
2026-06-10 14:28:50,N02,135,0.0,0.0,0.0,40.0,34.0,0,0,0,0.026464462280273438,0.0
2026-06-10 14:29:00,N02,136,0.0,0.0,0.0,41.0,35.0,0,0,0,0.026464462280273438,0.0
2026-06-10 14:29:09,N02,137,0.0,0.0,0.0,41.0,35.0,0,0,0,0.026941299438476562,0.0
2026-06-10 14:29:18,N02,138,0.0,0.0,0.0,41.0,35.0,0,0,0,0.026464462280273438,0.0
2026-06-10 14:29:28,N02,139,0.0,0.0,0.0,41.0,35.0,0,0,0,0.02765655517578125,0.0
2026-06-10 14:29:37,N02,140,0.0,0.0,0.0,40.0,34.0,0,0,0,0.027894973754882812,0.0
2026-06-10 14:29:47,N02,141,0.0,0.0,0.0,41.0,34.0,0,0,0,0.02765655517578125,0.0
2026-06-10 14:29:56,N02,142,0.0,0.0,0.0,40.0,34.0,0,0,0,0.027418136596679688,0.0
2026-06-10 14:30:05,N02,143,0.0,0.0,0.0,40.0,33.0,0,0,0,0.026702880859375,0.0
2026-06-10 14:30:15,N02,144,0.0,0.0,0.0,40.0,34.0,0,0,0,0.026702880859375,0.0
2026-06-10 14:30:24,N02,145,0.0,0.0,0.0,40.0,34.0,0,0,0,0.026226043701171875,0.0
2026-06-10 14:30:33,N02,146,0.0,0.0,0.0,40.0,33.0,0,0,0,0.027894973754882812,0.0
2026-06-10 14:30:42,N02,147,0.0,0.0,0.0,40.0,33.0,0,0,0,0.028133392333984375,0.0
2026-06-10 14:30:52,N02,148,0.0,0.0,0.0,40.0,34.0,0,0,0,0.027179718017578125,0.0
2026-06-10 14:31:01,N02,149,0.0,0.0,0.0,40.0,34.0,0,0,0,0.02765655517578125,0.0
2026-06-10 14:31:10,N02,150,0.0,0.0,0.0,40.0,34.0,0,0,0,0.02765655517578125,0.0
2026-06-10 14:31:20,N02,151,0.0,0.0,0.0,40.0,33.0,0,0,0,0.026226043701171875,0.0
2026-06-10 14:31:29,N02,152,0.0,0.0,0.0,40.0,33.0,0,0,0,0.026702880859375,0.0
2026-06-10 14:31:38,N02,153,0.0,0.0,0.0,40.0,33.0,0,0,0,0.026941299438476562,0.0
2026-06-10 14:31:48,N02,154,0.0,0.0,0.0,40.0,34.0,0,0,0,0.026702880859375,0.0
2026-06-10 14:31:57,N02,155,0.0,0.0,0.0,40.0,33.0,0,0,0,0.026941299438476562,0.0
2026-06-10 14:32:06,N02,156,0.0,0.0,0.0,40.0,33.0,0,0,0,0.02765655517578125,0.0
2026-06-10 14:32:16,N02,157,0.0,0.0,0.0,39.0,32.0,0,0,0,0.026941299438476562,0.0
2026-06-10 14:32:25,N02,158,0.0,0.0,0.0,39.0,32.0,0,0,0,0.026226043701171875,0.0
2026-06-10 14:32:34,N02,159,0.0,0.0,0.0,40.0,32.0,0,0,0,0.027894973754882812,0.0
2026-06-10 14:32:43,N02,160,0.0,0.0,0.0,40.0,33.0,0,0,0,0.026464462280273438,0.0
2026-06-10 14:32:52,N02,161,0.0,0.0,0.0,40.0,33.0,0,0,0,0.027179718017578125,0.0
2026-06-10 14:33:02,N02,162,0.0,0.0,0.0,39.0,32.0,0,0,0,0.026941299438476562,0.0
2026-06-10 14:33:11,N02,163,0.0,0.0,0.0,40.0,33.0,0,0,0,0.02765655517578125,0.0
2026-06-10 14:33:20,N02,164,0.0,0.0,0.0,40.0,33.0,0,0,0,0.026941299438476562,0.0
2026-06-10 14:33:29,N02,165,0.0,0.0,0.0,40.0,33.0,0,0,0,0.027894973754882812,0.0
2026-06-10 14:33:39,N02,166,0.0,0.0,0.0,39.0,32.0,0,0,0,0.026941299438476562,0.0
2026-06-10 14:33:48,N02,167,0.0,0.0,0.0,39.0,32.0,0,0,0,0.027894973754882812,0.0
2026-06-10 14:33:57,N02,168,0.0,0.0,0.0,39.0,32.0,0,0,0,0.028371810913085938,0.0
2026-06-10 14:34:06,N02,169,0.0,0.0,0.0,40.0,33.0,0,0,0,0.027179718017578125,0.0
2026-06-10 14:34:16,N02,170,0.0,0.0,0.0,40.0,32.0,0,0,0,0.026464462280273438,0.0
2026-06-10 14:34:25,N02,171,0.0,0.0,0.0,39.0,32.0,0,0,0,0.027418136596679688,0.0
2026-06-10 14:34:34,N02,172,0.0,0.0,0.0,40.0,33.0,0,0,0,0.026226043701171875,0.0
2026-06-10 14:34:44,N02,173,0.0,0.0,0.0,40.0,32.0,0,0,0,0.024080276489257812,0.0
2026-06-10 14:34:53,N02,174,0.0,0.0,0.0,39.0,32.0,0,0,0,0.026941299438476562,0.0
2026-06-10 14:35:02,N02,175,0.0,0.0,0.0,40.0,32.0,0,0,0,0.027418136596679688,0.0
2026-06-10 14:35:11,N02,176,0.0,0.0,0.0,39.0,32.0,0,0,0,0.02765655517578125,0.0
2026-06-10 14:35:21,N02,177,0.0,0.0,0.0,39.0,31.0,0,0,0,0.027418136596679688,0.0
2026-06-10 14:35:30,N02,178,0.0,0.0,0.0,39.0,32.0,0,0,0,0.026702880859375,0.0
2026-06-10 14:35:39,N02,179,0.0,0.0,0.0,39.0,32.0,0,0,0,0.027179718017578125,0.0
2026-06-10 14:35:49,N02,180,0.0,0.0,0.0,40.0,32.0,0,0,0,0.027179718017578125,0.0
2026-06-10 14:35:58,N02,181,0.0,0.0,0.0,40.0,32.0,0,0,0,0.02765655517578125,0.0
2026-06-10 14:36:08,N02,182,0.0,0.0,0.0,40.0,32.0,0,0,0,0.027894973754882812,0.0
2026-06-10 14:36:17,N02,183,0.0,0.0,0.0,40.0,32.0,0,0,0,0.028133392333984375,0.0
2026-06-10 14:36:26,N02,184,0.0,0.0,0.0,40.0,32.0,0,0,0,0.027894973754882812,0.0
2026-06-10 14:36:35,N02,185,0.0,0.0,0.0,40.0,32.0,0,0,0,0.026941299438476562,0.0
2026-06-10 14:36:45,N02,186,0.0,0.0,0.0,40.0,32.0,0,0,0,0.025033950805664062,0.0
2026-06-10 14:36:54,N02,187,0.0,0.0,0.0,40.0,32.0,0,0,0,0.026941299438476562,0.0
2026-06-10 14:37:03,N02,188,0.0,0.0,0.0,39.0,32.0,0,0,0,0.027179718017578125,0.0
2026-06-10 14:37:12,N02,189,0.0,0.0,0.0,39.0,32.0,0,0,0,0.027179718017578125,0.0
2026-06-10 14:37:22,N02,190,0.0,0.0,0.0,39.0,31.0,0,0,0,0.027179718017578125,0.0
2026-06-10 14:37:31,N02,191,0.0,0.0,0.0,40.0,32.0,0,0,0,0.027418136596679688,0.0
2026-06-10 14:37:40,N02,192,0.0,0.0,0.0,39.0,32.0,0,0,0,0.026941299438476562,0.0
2026-06-10 14:37:50,N02,193,0.0,0.0,0.0,40.0,32.0,0,0,0,0.025987625122070312,0.0
2026-06-10 14:37:59,N02,194,0.0,0.0,0.0,39.0,32.0,0,0,0,0.026941299438476562,0.0
2026-06-10 14:38:08,N02,195,0.0,0.0,0.0,39.0,31.0,0,0,0,0.028133392333984375,0.0
2026-06-10 14:38:17,N02,196,0.0,0.0,0.0,39.0,32.0,0,0,0,0.027418136596679688,0.0
2026-06-10 14:38:27,N02,197,0.0,0.0,0.0,39.0,32.0,0,0,0,0.028848648071289062,0.0
2026-06-10 14:38:36,N02,198,0.0,0.0,0.0,39.0,31.0,0,0,0,0.026702880859375,0.0
2026-06-10 14:38:45,N02,199,0.0,0.0,0.0,39.0,31.0,0,0,0,0.028133392333984375,0.0
2026-06-10 14:38:55,N02,200,0.0,0.0,0.0,40.0,32.0,0,0,0,0.025510787963867188,0.0
2026-06-10 14:39:04,N02,201,0.0,0.0,0.0,39.0,31.0,0,0,0,0.026464462280273438,0.0
2026-06-10 14:39:13,N02,202,0.0,0.0,0.0,39.0,32.0,0,0,0,0.026702880859375,0.0
2026-06-10 14:39:23,N02,203,0.0,0.0,0.0,39.0,31.0,0,0,0,0.026226043701171875,0.0
2026-06-10 14:39:32,N02,204,0.0,0.0,0.0,39.0,31.0,0,0,0,0.026464462280273438,0.0
2026-06-10 14:39:41,N02,205,0.0,0.0,0.0,39.0,31.0,0,0,0,0.026941299438476562,0.0
2026-06-10 14:39:50,N02,206,0.0,0.0,0.0,39.0,31.0,0,0,0,0.026226043701171875,0.0
2026-06-10 14:40:00,N02,207,0.0,0.0,0.0,39.0,31.0,0,0,0,0.02765655517578125,0.0
2026-06-10 14:40:09,N02,208,0.0,0.0,0.0,39.0,32.0,0,0,0,0.027179718017578125,0.0
2026-06-10 14:40:18,N02,209,0.0,0.0,0.0,39.0,32.0,0,0,0,0.026941299438476562,0.0
2026-06-10 14:40:27,N02,210,0.0,0.0,0.0,39.0,32.0,0,0,0,0.026702880859375,0.0
2026-06-10 14:40:36,N02,211,0.0,0.0,0.0,39.0,31.0,0,0,0,0.027179718017578125,0.0
2026-06-10 14:40:45,N02,212,0.0,0.0,0.0,39.0,31.0,0,0,0,0.025987625122070312,0.0
2026-06-10 14:40:54,N02,213,0.0,0.0,0.0,39.0,31.0,0,0,0,0.025272369384765625,0.0
2026-06-10 14:41:04,N02,214,0.0,0.0,0.0,39.0,31.0,0,0,0,0.025987625122070312,0.0
2026-06-10 14:41:13,N02,215,0.0,0.0,0.0,39.0,31.0,0,0,0,0.026464462280273438,0.0
2026-06-10 14:41:22,N02,216,0.0,0.0,0.0,39.0,31.0,0,0,0,0.027179718017578125,0.0
2026-06-10 14:41:32,N02,217,0.0,0.0,0.0,39.0,32.0,0,0,0,0.026941299438476562,0.0
2026-06-10 14:41:41,N02,218,0.0,0.0,0.0,39.0,31.0,0,0,0,0.026941299438476562,0.0
2026-06-10 14:41:50,N02,219,0.0,0.0,0.0,39.0,32.0,0,0,0,0.027418136596679688,0.0
2026-06-10 14:42:00,N02,220,0.0,0.0,0.0,39.0,31.0,0,0,0,0.02574920654296875,0.0
2026-06-10 14:42:09,N02,221,0.0,0.0,0.0,38.0,31.0,0,0,0,0.027894973754882812,0.0
2026-06-10 14:42:18,N02,222,0.0,0.0,0.0,39.0,31.0,0,0,0,0.026941299438476562,0.0
2026-06-10 14:42:28,N02,223,0.0,0.0,0.0,39.0,31.0,0,0,0,0.028133392333984375,0.0
2026-06-10 14:42:37,N02,224,0.0,0.0,0.0,39.0,31.0,0,0,0,0.026464462280273438,0.0
2026-06-10 14:42:46,N02,225,0.0,0.0,0.0,39.0,31.0,0,0,0,0.025987625122070312,0.0
2026-06-10 14:42:55,N02,226,0.0,0.0,0.0,38.0,30.0,0,0,0,0.026702880859375,0.0
2026-06-10 14:43:05,N02,227,0.0,0.0,0.0,39.0,31.0,0,0,0,0.026464462280273438,0.0
2026-06-10 14:43:14,N02,228,0.0,0.0,0.0,39.0,31.0,0,0,0,0.026941299438476562,0.0
2026-06-10 14:43:23,N02,229,0.0,0.0,0.0,38.0,30.0,0,0,0,0.026702880859375,0.0
2026-06-10 14:43:32,N02,230,0.0,0.0,0.0,39.0,31.0,0,0,0,0.026464462280273438,0.0
2026-06-10 14:43:42,N02,231,0.0,0.0,0.0,39.0,31.0,0,0,0,0.026702880859375,0.0
2026-06-10 14:43:51,N02,232,0.0,0.0,0.0,38.0,31.0,0,0,0,0.025987625122070312,0.0
2026-06-10 14:44:00,N02,233,0.0,0.0,0.0,39.0,31.0,0,0,0,0.02384185791015625,0.0
2026-06-10 14:44:10,N02,234,0.0,0.0,0.0,39.0,31.0,0,0,0,0.025272369384765625,0.0
2026-06-10 14:44:19,N02,235,0.0,0.0,0.0,39.0,31.0,0,0,0,0.026464462280273438,0.0
2026-06-10 14:44:28,N02,236,0.0,0.0,0.0,38.0,30.0,0,0,0,0.0286102294921875,0.0
2026-06-10 14:44:37,N02,237,0.0,0.0,0.0,39.0,31.0,0,0,0,0.028371810913085938,0.0
2026-06-10 14:44:47,N02,238,0.0,0.0,0.0,39.0,31.0,0,0,0,0.026464462280273438,0.0
2026-06-10 14:44:56,N02,239,0.0,0.0,0.0,38.0,30.0,0,0,0,0.026702880859375,0.0
2026-06-10 14:45:05,N02,240,0.0,0.0,0.0,38.0,30.0,0,0,0,0.026226043701171875,0.0
2026-06-10 14:45:14,N02,241,0.0,0.0,0.0,39.0,31.0,0,0,0,0.02765655517578125,0.0
2026-06-10 14:45:24,N02,242,0.0,0.0,0.0,39.0,31.0,0,0,0,0.025272369384765625,0.0
2026-06-10 14:45:33,N02,243,0.0,0.0,0.0,39.0,31.0,0,0,0,0.027418136596679688,0.0
2026-06-10 14:45:42,N02,244,0.0,0.0,0.0,38.0,30.0,0,0,0,0.026702880859375,0.0
2026-06-10 14:45:51,N02,245,0.0,0.0,0.0,39.0,31.0,0,0,0,0.027179718017578125,0.0
2026-06-10 14:46:01,N02,246,0.0,0.0,0.0,39.0,31.0,0,0,0,0.027418136596679688,0.0
2026-06-10 14:46:10,N02,247,0.0,0.0,0.0,38.0,30.0,0,0,0,0.026941299438476562,0.0
2026-06-10 14:46:19,N02,248,0.0,0.0,0.0,38.0,30.0,0,0,0,0.027179718017578125,0.0
2026-06-10 14:46:29,N02,249,0.0,0.0,0.0,38.0,30.0,0,0,0,0.026702880859375,0.0
2026-06-10 14:46:38,N02,250,0.0,0.0,0.0,39.0,31.0,0,0,0,0.027179718017578125,0.0
2026-06-10 14:46:47,N02,251,0.0,0.0,0.0,38.0,30.0,0,0,0,0.025987625122070312,0.0
2026-06-10 14:46:57,N02,252,0.0,0.0,0.0,38.0,30.0,0,0,0,0.027418136596679688,0.0
2026-06-10 14:47:06,N02,253,0.0,0.0,0.0,38.0,30.0,0,0,0,0.026702880859375,0.0
2026-06-10 14:47:15,N02,254,0.0,0.0,0.0,38.0,30.0,0,0,0,0.027418136596679688,0.0
2026-06-10 14:47:24,N02,255,0.0,0.0,0.0,38.0,31.0,0,0,0,0.026702880859375,0.0
2026-06-10 14:47:34,N02,256,0.0,0.0,0.0,38.0,31.0,0,0,0,0.026702880859375,0.0
2026-06-10 14:47:43,N02,257,0.0,0.0,0.0,39.0,31.0,0,0,0,0.026702880859375,0.0
2026-06-10 14:47:53,N02,258,0.0,0.0,0.0,38.0,30.0,0,0,0,0.02765655517578125,0.0
2026-06-10 14:48:02,N02,259,0.0,0.0,0.0,38.0,31.0,0,0,0,0.027418136596679688,0.0
2026-06-10 14:48:11,N02,260,0.0,0.0,0.0,38.0,30.0,0,0,0,0.026702880859375,0.0
2026-06-10 14:48:20,N02,261,0.0,0.0,0.0,38.0,31.0,0,0,0,0.026702880859375,0.0
2026-06-10 14:48:30,N02,262,0.0,0.0,0.0,38.0,29.0,0,0,0,0.027179718017578125,0.0
2026-06-10 14:48:39,N02,263,0.0,0.0,0.0,38.0,30.0,0,0,0,0.028371810913085938,0.0
2026-06-10 14:48:49,N02,264,0.0,0.0,0.0,38.0,30.0,0,0,0,0.026941299438476562,0.0
2026-06-10 14:48:58,N02,265,0.0,0.0,0.0,38.0,30.0,0,0,0,0.027418136596679688,0.0
2026-06-10 14:49:07,N02,266,0.0,0.0,0.0,38.0,30.0,0,0,0,0.026702880859375,0.0
2026-06-10 14:49:17,N02,267,0.0,0.0,0.0,38.0,30.0,0,0,0,0.027179718017578125,0.0
2026-06-10 14:49:26,N02,268,0.0,0.0,0.0,38.0,30.0,0,0,0,0.02765655517578125,0.0
2026-06-10 14:49:35,N02,269,0.0,0.0,0.0,38.0,30.0,0,0,0,0.027418136596679688,0.0
2026-06-10 14:49:44,N02,270,0.0,0.0,0.0,38.0,30.0,0,0,0,0.026941299438476562,0.0
2026-06-10 14:49:54,N02,271,0.0,0.0,0.0,38.0,30.0,0,0,0,0.026226043701171875,0.0
2026-06-10 14:50:03,N02,272,0.0,0.0,0.0,38.0,30.0,0,0,0,0.027179718017578125,0.0
2026-06-10 14:50:12,N02,273,0.0,0.0,0.0,38.0,30.0,0,0,0,0.026702880859375,0.0
2026-06-10 14:50:22,N02,274,0.0,0.0,0.0,38.0,30.0,0,0,0,0.027179718017578125,0.0
2026-06-10 14:50:31,N02,275,0.0,0.0,0.0,37.0,29.0,0,0,0,0.02765655517578125,0.0
2026-06-10 14:50:40,N02,276,0.0,0.0,0.0,37.0,29.0,0,0,0,0.026702880859375,0.0
2026-06-10 14:50:50,N02,277,0.0,0.0,0.0,37.0,29.0,0,0,0,0.025272369384765625,0.0
2026-06-10 14:50:59,N02,278,0.0,0.0,0.0,37.0,29.0,0,0,0,0.026464462280273438,0.0
2026-06-10 14:51:08,N02,279,0.0,0.0,0.0,38.0,29.0,0,0,0,0.027418136596679688,0.0
2026-06-10 14:51:17,N02,280,0.0,0.0,0.0,37.0,29.0,0,0,0,0.027179718017578125,0.0
2026-06-10 14:51:26,N02,281,0.0,0.0,0.0,37.0,29.0,0,0,0,0.028848648071289062,0.0
2026-06-10 14:51:36,N02,282,0.0,0.0,0.0,37.0,29.0,0,0,0,0.027418136596679688,0.0
2026-06-10 14:51:45,N02,283,0.0,0.0,0.0,37.0,29.0,0,0,0,0.027418136596679688,0.0
2026-06-10 14:51:54,N02,284,0.0,0.0,0.0,38.0,29.0,0,0,0,0.026464462280273438,0.0
2026-06-10 14:52:03,N02,285,0.0,0.0,0.0,37.0,29.0,0,0,0,0.026464462280273438,0.0
2026-06-10 14:52:12,N02,286,0.0,0.0,0.0,38.0,30.0,0,0,0,0.02765655517578125,0.0
2026-06-10 14:52:22,N02,287,0.0,0.0,0.0,37.0,29.0,0,0,0,0.027179718017578125,0.0
2026-06-10 14:52:31,N02,288,0.0,0.0,0.0,37.0,29.0,0,0,0,0.027894973754882812,0.0
2026-06-10 14:52:40,N02,289,0.0,0.0,0.0,38.0,30.0,0,0,0,0.027179718017578125,0.0
2026-06-10 14:52:49,N02,290,0.0,0.0,0.0,37.0,29.0,0,0,0,0.027179718017578125,0.0
2026-06-10 14:52:59,N02,291,0.0,0.0,0.0,37.0,29.0,0,0,0,0.0286102294921875,0.0
2026-06-10 14:53:08,N02,292,0.0,0.0,0.0,38.0,30.0,0,0,0,0.02765655517578125,0.0
2026-06-10 14:53:18,N02,293,0.0,0.0,0.0,38.0,29.0,0,0,0,0.02765655517578125,0.0
2026-06-10 14:53:27,N02,294,0.0,0.0,0.0,38.0,29.0,0,0,0,0.027894973754882812,0.0
2026-06-10 14:53:36,N02,295,0.0,0.0,0.0,37.0,29.0,0,0,0,0.027894973754882812,0.0
2026-06-10 14:53:45,N02,296,0.0,0.0,0.0,37.0,29.0,0,0,0,0.027179718017578125,0.0
2026-06-10 14:53:55,N02,297,0.0,0.0,0.0,37.0,29.0,0,0,0,0.026226043701171875,0.0
2026-06-10 14:54:04,N02,298,0.0,0.0,0.0,37.0,29.0,0,0,0,0.026941299438476562,0.0
2026-06-10 14:54:13,N02,299,0.0,0.0,0.0,37.0,29.0,0,0,0,0.027894973754882812,0.0
2026-06-10 14:54:22,N02,300,0.0,0.0,0.0,37.0,28.0,0,0,0,0.026941299438476562,0.0
2026-06-10 14:54:32,N02,301,0.0,0.0,0.0,37.0,29.0,0,0,0,0.026941299438476562,0.0
2026-06-10 14:54:41,N02,302,0.0,0.0,0.0,37.0,29.0,0,0,0,0.026941299438476562,0.0
2026-06-10 14:54:50,N02,303,0.0,0.0,0.0,38.0,29.0,0,0,0,0.02765655517578125,0.0
2026-06-10 14:54:59,N02,304,0.0,0.0,0.0,37.0,29.0,0,0,0,0.026702880859375,0.0
2026-06-10 14:55:09,N02,305,0.0,0.0,0.0,37.0,29.0,0,0,0,0.02574920654296875,0.0
2026-06-10 14:55:18,N02,306,0.0,0.0,0.0,37.0,29.0,0,0,0,0.026464462280273438,0.0
2026-06-10 14:55:27,N02,307,0.0,0.0,0.0,37.0,29.0,0,0,0,0.026941299438476562,0.0
2026-06-10 14:55:37,N02,308,0.0,0.0,0.0,37.0,28.0,0,0,0,0.026226043701171875,0.0
2026-06-10 14:55:46,N02,309,0.0,0.0,0.0,37.0,28.0,0,0,0,0.030994415283203125,0.0
2026-06-10 14:55:55,N02,310,0.0,0.0,0.0,37.0,29.0,0,0,0,0.027179718017578125,0.0
2026-06-10 14:56:04,N02,311,0.0,0.0,0.0,37.0,29.0,0,0,0,0.025272369384765625,0.0
2026-06-10 14:56:14,N02,312,0.0,0.0,0.0,37.0,29.0,0,0,0,0.02765655517578125,0.0
2026-06-10 14:56:23,N02,313,0.0,0.0,0.0,37.0,29.0,0,0,0,0.027179718017578125,0.0
2026-06-10 14:56:33,N02,314,0.0,0.0,0.0,37.0,28.0,0,0,0,0.027894973754882812,0.0
2026-06-10 14:56:42,N02,315,0.0,0.0,0.0,37.0,29.0,0,0,0,0.028133392333984375,0.0
2026-06-10 14:56:51,N02,316,0.0,0.0,0.0,37.0,29.0,0,0,0,0.026941299438476562,0.0
2026-06-10 14:57:00,N02,317,0.0,0.0,0.0,37.0,29.0,0,0,0,0.026702880859375,0.0
2026-06-10 14:57:09,N02,318,0.0,0.0,0.0,37.0,29.0,0,0,0,0.027179718017578125,0.0
2026-06-10 14:57:19,N02,319,0.0,0.0,0.0,37.0,28.0,0,0,0,0.026941299438476562,0.0
2026-06-10 14:57:28,N02,320,0.0,0.0,0.0,37.0,28.0,0,0,0,0.026941299438476562,0.0
2026-06-10 14:57:38,N02,321,0.0,0.0,0.0,37.0,28.0,0,0,0,0.024318695068359375,0.0
2026-06-10 14:57:47,N02,322,0.0,0.0,0.0,37.0,28.0,0,0,0,0.026464462280273438,0.0
2026-06-10 14:57:56,N02,323,0.0,0.0,0.0,37.0,28.0,0,0,0,0.027179718017578125,0.0
2026-06-10 14:58:05,N02,324,0.0,0.0,0.0,37.0,29.0,0,0,0,0.02765655517578125,0.0
2026-06-10 14:58:14,N02,325,0.0,0.0,0.0,36.0,28.0,0,0,0,0.024557113647460938,0.0
2026-06-10 14:58:24,N02,326,0.0,0.0,0.0,37.0,28.0,0,0,0,0.026941299438476562,0.0
2026-06-10 14:58:33,N02,327,0.0,0.0,0.0,37.0,28.0,0,0,0,0.027418136596679688,0.0
2026-06-10 14:58:42,N02,328,0.0,0.0,0.0,37.0,28.0,0,0,0,0.027179718017578125,0.0
2026-06-10 14:58:51,N02,329,0.0,0.0,0.0,37.0,28.0,0,0,0,0.026226043701171875,0.0
2026-06-10 14:59:01,N02,330,0.0,0.0,0.0,36.0,27.0,0,0,0,0.026941299438476562,0.0
2026-06-10 14:59:10,N02,331,0.0,0.0,0.0,37.0,28.0,0,0,0,0.025987625122070312,0.0
2026-06-10 14:59:19,N02,332,0.0,0.0,0.0,37.0,28.0,0,0,0,0.027179718017578125,0.0
2026-06-10 14:59:28,N02,333,0.0,0.0,0.0,36.0,28.0,0,0,0,0.027418136596679688,0.0
2026-06-10 14:59:38,N02,334,0.0,0.0,0.0,36.0,28.0,0,0,0,0.027179718017578125,0.0
2026-06-10 14:59:47,N02,335,0.0,0.0,0.0,36.0,27.0,0,0,0,0.02765655517578125,0.0
2026-06-10 14:59:56,N02,336,0.0,0.0,0.0,37.0,28.0,0,0,0,0.02765655517578125,0.0
2026-06-10 15:00:05,N02,337,0.0,0.0,0.0,36.0,27.0,0,0,0,0.027894973754882812,0.0
2026-06-10 15:00:15,N02,338,0.0,0.0,0.0,37.0,28.0,0,0,0,0.026226043701171875,0.0
2026-06-10 15:00:24,N02,339,0.0,0.0,0.0,36.0,27.0,0,0,0,0.027894973754882812,0.0
2026-06-10 15:00:34,N02,340,0.0,0.0,0.0,36.0,27.0,0,0,0,0.026941299438476562,0.0
2026-06-10 15:00:43,N02,341,0.0,0.0,0.0,37.0,28.0,0,0,0,0.02765655517578125,0.0
2026-06-10 15:00:52,N02,342,0.0,0.0,0.0,36.0,27.0,0,0,0,0.026702880859375,0.0
2026-06-10 15:01:01,N02,343,0.0,0.0,0.0,37.0,28.0,0,0,0,0.02765655517578125,0.0
2026-06-10 15:01:11,N02,344,0.0,0.0,0.0,36.0,27.0,0,0,0,0.026702880859375,0.0
2026-06-10 15:01:20,N02,345,0.0,0.0,0.0,36.0,27.0,0,0,0,0.026702880859375,0.0
2026-06-10 15:01:29,N02,346,0.0,0.0,0.0,36.0,27.0,0,0,0,0.026941299438476562,0.0
2026-06-10 15:01:38,N02,347,0.0,0.0,0.0,36.0,27.0,0,0,0,0.026941299438476562,0.0
2026-06-10 15:01:47,N02,348,0.0,0.0,0.0,37.0,28.0,0,0,0,0.02765655517578125,0.0
2026-06-10 15:01:56,N02,349,0.0,0.0,0.0,36.0,27.0,0,0,0,0.027179718017578125,0.0
2026-06-10 15:02:05,N02,350,0.0,0.0,0.0,36.0,27.0,0,0,0,0.027418136596679688,0.0
2026-06-10 15:02:14,N02,351,0.0,0.0,0.0,36.0,27.0,0,0,0,0.027179718017578125,0.0
2026-06-10 15:02:24,N02,352,0.0,0.0,0.0,36.0,27.0,0,0,0,0.027179718017578125,0.0
2026-06-10 15:02:33,N02,353,0.0,0.0,0.0,36.0,27.0,0,0,0,0.027179718017578125,0.0
2026-06-10 15:02:42,N02,354,0.0,0.0,0.0,36.0,28.0,0,0,0,0.026464462280273438,0.0
2026-06-10 15:02:51,N02,355,0.0,0.0,0.0,36.0,28.0,0,0,0,0.027894973754882812,0.0
2026-06-10 15:03:01,N02,356,0.0,0.0,0.0,36.0,27.0,0,0,0,0.027418136596679688,0.0
2026-06-10 15:03:10,N02,357,0.0,0.0,0.0,36.0,27.0,0,0,0,0.025987625122070312,0.0
2026-06-10 15:03:19,N02,358,0.0,0.0,0.0,36.0,27.0,0,0,0,0.025987625122070312,0.0
2026-06-10 15:03:28,N02,359,0.0,0.0,0.0,36.0,28.0,0,0,0,0.028133392333984375,0.0
2026-06-10 15:03:37,N02,360,0.0,0.0,0.0,36.0,28.0,0,0,0,0.026941299438476562,0.0
2026-06-10 15:03:47,N02,361,0.0,0.0,0.0,36.0,27.0,0,0,0,0.026464462280273438,0.0
2026-06-10 15:03:56,N02,362,0.0,0.0,0.0,36.0,27.0,0,0,0,0.02765655517578125,0.0
2026-06-10 15:04:05,N02,363,0.0,0.0,0.0,36.0,27.0,0,0,0,0.026941299438476562,0.0
2026-06-10 15:04:14,N02,364,0.0,0.0,0.0,35.0,26.0,0,0,0,0.027179718017578125,0.0
2026-06-10 15:04:24,N02,365,0.0,0.0,0.0,36.0,27.0,0,0,0,0.02765655517578125,0.0
2026-06-10 15:04:33,N02,366,0.0,0.0,0.0,36.0,27.0,0,0,0,0.027179718017578125,0.0
2026-06-10 15:04:42,N02,367,0.0,0.0,0.0,35.0,26.0,0,0,0,0.026941299438476562,0.0
2026-06-10 15:04:52,N02,368,0.0,0.0,0.0,36.0,27.0,0,0,0,0.025987625122070312,0.0
2026-06-10 15:05:01,N02,369,0.0,0.0,0.0,35.0,26.0,0,0,0,0.027894973754882812,0.0
2026-06-10 15:05:10,N02,370,0.0,0.0,0.0,36.0,27.0,0,0,0,0.026702880859375,0.0
2026-06-10 15:05:20,N02,371,0.0,0.0,0.0,35.0,27.0,0,0,0,0.027418136596679688,0.0
2026-06-10 15:05:29,N02,372,0.0,0.0,0.0,36.0,27.0,0,0,0,0.027418136596679688,0.0
2026-06-10 15:05:38,N02,373,0.0,0.0,0.0,35.0,26.0,0,0,0,0.026941299438476562,0.0
2026-06-10 15:05:47,N02,374,0.0,0.0,0.0,36.0,27.0,0,0,0,0.026941299438476562,0.0
2026-06-10 15:05:57,N02,375,0.0,0.0,0.0,36.0,27.0,0,0,0,0.026941299438476562,0.0
2026-06-10 15:06:06,N02,376,0.0,0.0,0.0,35.0,26.0,0,0,0,0.027894973754882812,0.0
2026-06-10 15:06:15,N02,377,0.0,0.0,0.0,35.0,26.0,0,0,0,0.027418136596679688,0.0
2026-06-10 15:06:25,N02,378,0.0,0.0,0.0,35.0,26.0,0,0,0,0.027179718017578125,0.0
2026-06-10 15:06:34,N02,379,0.0,0.0,0.0,35.0,26.0,0,0,0,0.026941299438476562,0.0
2026-06-10 15:06:43,N02,380,0.0,0.0,0.0,35.0,26.0,0,0,0,0.027418136596679688,0.0
2026-06-10 15:06:52,N02,381,0.0,0.0,0.0,35.0,26.0,0,0,0,0.026941299438476562,0.0
2026-06-10 15:07:01,N02,382,0.0,0.0,0.0,35.0,27.0,0,0,0,0.027179718017578125,0.0
2026-06-10 15:07:11,N02,383,0.0,0.0,0.0,35.0,26.0,0,0,0,0.0286102294921875,0.0
2026-06-10 15:07:20,N02,384,0.0,0.0,0.0,35.0,27.0,0,0,0,0.026226043701171875,0.0
2026-06-10 15:07:30,N02,385,0.0,0.0,0.0,35.0,26.0,0,0,0,0.02574920654296875,0.0
2026-06-10 15:07:39,N02,386,0.0,0.0,0.0,35.0,27.0,0,0,0,0.05888938903808594,0.0
2026-06-10 15:07:48,N02,387,0.0,0.0,0.0,35.0,26.0,0,0,0,0.027418136596679688,0.0
2026-06-10 15:07:58,N02,388,0.0,0.0,0.0,35.0,26.0,0,0,0,0.027894973754882812,0.0
2026-06-10 15:08:07,N02,389,0.0,0.0,0.0,34.0,26.0,0,0,0,0.02765655517578125,0.0
2026-06-10 15:08:16,N02,390,0.0,0.0,0.0,35.0,26.0,0,0,0,0.027418136596679688,0.0
2026-06-10 15:08:26,N02,391,0.0,0.0,0.0,34.0,25.0,0,0,0,0.027418136596679688,0.0
2026-06-10 15:08:35,N02,392,0.0,0.0,0.0,34.0,25.0,0,0,0,0.028133392333984375,0.0
2026-06-10 15:08:44,N02,393,0.0,0.0,0.0,35.0,26.0,0,0,0,0.027418136596679688,0.0
2026-06-10 15:08:53,N02,394,0.0,0.0,0.0,34.0,25.0,0,0,0,0.027179718017578125,0.0
2026-06-10 15:09:02,N02,395,0.0,0.0,0.0,34.0,25.0,0,0,0,0.027418136596679688,0.0
2026-06-10 15:09:12,N02,396,0.0,0.0,0.0,35.0,26.0,0,0,0,0.027894973754882812,0.0
2026-06-10 15:09:21,N02,397,0.0,0.0,0.0,35.0,26.0,0,0,0,0.028371810913085938,0.0
2026-06-10 15:09:30,N02,398,0.0,0.0,0.0,35.0,26.0,0,0,0,0.027418136596679688,0.0
2026-06-10 15:09:39,N02,399,0.0,0.0,0.0,35.0,26.0,0,0,0,0.027179718017578125,0.0
2026-06-10 15:09:49,N02,400,0.0,0.0,0.0,34.0,25.0,0,0,0,0.027179718017578125,0.0
2026-06-10 15:09:58,N02,401,0.0,0.0,0.0,35.0,26.0,0,0,0,0.028848648071289062,0.0
2026-06-10 15:10:07,N02,402,0.0,0.0,0.0,35.0,26.0,0,0,0,0.026941299438476562,0.0
2026-06-10 15:10:16,N02,403,0.0,0.0,0.0,35.0,26.0,0,0,0,0.027179718017578125,0.0
2026-06-10 15:10:25,N02,404,0.0,0.0,0.0,34.0,25.0,0,0,0,0.027179718017578125,0.0
2026-06-10 15:10:35,N02,405,0.0,0.0,0.0,34.0,25.0,0,0,0,0.027179718017578125,0.0
2026-06-10 15:10:44,N02,406,0.0,0.0,0.0,34.0,25.0,0,0,0,0.028371810913085938,0.0
2026-06-10 15:10:53,N02,407,0.0,0.0,0.0,34.0,25.0,0,0,0,0.026941299438476562,0.0
2026-06-10 15:11:03,N02,408,0.0,0.0,0.0,34.0,25.0,0,0,0,0.027179718017578125,0.0
2026-06-10 15:11:12,N02,409,0.0,0.0,0.0,34.0,26.0,0,0,0,0.025987625122070312,0.0
2026-06-10 15:11:22,N02,410,0.0,0.0,0.0,34.0,25.0,0,0,0,0.026941299438476562,0.0
2026-06-10 15:11:31,N02,411,0.0,0.0,0.0,34.0,26.0,0,0,0,0.026702880859375,0.0
2026-06-10 15:11:40,N02,412,0.0,0.0,0.0,34.0,26.0,0,0,0,0.027418136596679688,0.0
2026-06-10 15:11:49,N02,413,0.0,0.0,0.0,33.0,25.0,0,0,0,0.026941299438476562,0.0
2026-06-10 15:11:58,N02,414,0.0,0.0,0.0,34.0,25.0,0,0,0,0.026941299438476562,0.0
2026-06-10 15:12:08,N02,415,0.0,0.0,0.0,34.0,25.0,0,0,0,0.027418136596679688,0.0
2026-06-10 15:12:17,N02,416,0.0,0.0,0.0,34.0,25.0,0,0,0,0.028133392333984375,0.0
2026-06-10 15:12:26,N02,417,0.0,0.0,0.0,34.0,26.0,0,0,0,0.02765655517578125,0.0
2026-06-10 15:12:35,N02,418,0.0,0.0,0.0,34.0,25.0,0,0,0,0.027179718017578125,0.0
2026-06-10 15:12:45,N02,419,0.0,0.0,0.0,33.0,25.0,0,0,0,0.026702880859375,0.0
2026-06-10 15:12:54,N02,420,0.0,0.0,0.0,34.0,26.0,0,0,0,0.028371810913085938,0.0
2026-06-10 15:13:03,N02,421,0.0,0.0,0.0,33.0,25.0,0,0,0,0.030279159545898438,0.0
2026-06-10 15:13:12,N02,422,0.0,0.0,0.0,33.0,25.0,0,0,0,0.027418136596679688,0.0
2026-06-10 15:13:22,N02,423,0.0,0.0,0.0,34.0,26.0,0,0,0,0.0247955322265625,0.0
2026-06-10 15:13:31,N02,424,0.0,0.0,0.0,34.0,26.0,0,0,0,0.027894973754882812,0.0
2026-06-10 15:13:40,N02,425,0.0,0.0,0.0,34.0,25.0,0,0,0,0.026464462280273438,0.0
2026-06-10 15:13:49,N02,426,0.0,0.0,0.0,34.0,26.0,0,0,0,0.027894973754882812,0.0
2026-06-10 15:13:58,N02,427,0.0,0.0,0.0,33.0,25.0,0,0,0,0.028133392333984375,0.0
2026-06-10 15:14:08,N02,428,0.0,0.0,0.0,34.0,25.0,0,0,0,0.028371810913085938,0.0
2026-06-10 15:14:17,N02,429,0.0,0.0,0.0,34.0,25.0,0,0,0,0.028371810913085938,0.0
2026-06-10 15:14:26,N02,430,0.0,0.0,0.0,33.0,25.0,0,0,0,0.027418136596679688,0.0
2026-06-10 15:14:35,N02,431,0.0,0.0,0.0,33.0,25.0,0,0,0,0.027894973754882812,0.0
2026-06-10 15:14:45,N02,432,0.0,0.0,0.0,33.0,24.0,0,0,0,0.026702880859375,0.0
2026-06-10 15:14:54,N02,433,0.0,0.0,0.0,33.0,25.0,0,0,0,0.02765655517578125,0.0
2026-06-10 15:15:03,N02,434,0.0,0.0,0.0,34.0,25.0,0,0,0,0.027418136596679688,0.0
2026-06-10 15:15:13,N02,435,0.0,0.0,0.0,33.0,24.0,0,0,0,0.026464462280273438,0.0
2026-06-10 15:15:22,N02,436,0.0,0.0,0.0,33.0,24.0,0,0,0,0.027418136596679688,0.0
2026-06-10 15:15:31,N02,437,0.0,0.0,0.0,33.0,24.0,0,0,0,0.026702880859375,0.0
2026-06-10 15:15:40,N02,438,0.0,0.0,0.0,33.0,25.0,0,0,0,0.026702880859375,0.0
2026-06-10 15:15:49,N02,439,0.0,0.0,0.0,33.0,25.0,0,0,0,0.02765655517578125,0.0
2026-06-10 15:15:59,N02,440,0.0,0.0,0.0,32.0,24.0,0,0,0,0.026941299438476562,0.0
2026-06-10 15:16:08,N02,441,0.0,0.0,0.0,33.0,25.0,0,0,0,0.027418136596679688,0.0
2026-06-10 15:16:17,N02,442,0.0,0.0,0.0,33.0,25.0,0,0,0,0.02765655517578125,0.0
2026-06-10 15:16:26,N02,443,0.0,0.0,0.0,33.0,25.0,0,0,0,0.05793571472167969,0.0
2026-06-10 15:16:35,N02,444,0.0,0.0,0.0,33.0,25.0,0,0,0,0.026941299438476562,0.0
2026-06-10 15:16:45,N02,445,0.0,0.0,0.0,33.0,25.0,0,0,0,0.027179718017578125,0.0
2026-06-10 15:16:54,N02,446,0.0,0.0,0.0,32.0,24.0,0,0,0,0.0286102294921875,0.0
2026-06-10 15:17:04,N02,447,0.0,0.0,0.0,33.0,25.0,0,0,0,0.027418136596679688,0.0
2026-06-10 15:17:13,N02,448,0.0,0.0,0.0,32.0,24.0,0,0,0,0.028133392333984375,0.0
2026-06-10 15:17:22,N02,449,0.0,0.0,0.0,33.0,25.0,0,0,0,0.027418136596679688,0.0
2026-06-10 15:17:31,N02,450,0.0,0.0,0.0,33.0,25.0,0,0,0,0.027894973754882812,0.0
2026-06-10 15:17:41,N02,451,0.0,0.0,0.0,32.0,24.0,0,0,0,0.027179718017578125,0.0
2026-06-10 15:17:50,N02,452,0.0,0.0,0.0,33.0,25.0,0,0,0,0.025987625122070312,0.0
2026-06-10 15:17:59,N02,453,0.0,0.0,0.0,33.0,25.0,0,0,0,0.026941299438476562,0.0
2026-06-10 15:18:08,N02,454,0.0,0.0,0.0,32.0,25.0,0,0,0,0.027179718017578125,0.0
2026-06-10 15:18:17,N02,455,0.0,0.0,0.0,33.0,25.0,0,0,0,0.02765655517578125,0.0
2026-06-10 15:18:27,N02,456,0.0,0.0,0.0,32.0,24.0,0,0,0,0.024318695068359375,0.0
2026-06-10 15:18:36,N02,457,0.0,0.0,0.0,32.0,24.0,0,0,0,0.026702880859375,0.0
2026-06-10 15:18:45,N02,458,0.0,0.0,0.0,32.0,24.0,0,0,0,0.026464462280273438,0.0
2026-06-10 15:18:54,N02,459,0.0,0.0,0.0,32.0,24.0,0,0,0,0.027179718017578125,0.0
2026-06-10 15:19:04,N02,460,0.0,0.0,0.0,33.0,25.0,0,0,0,0.026941299438476562,0.0
2026-06-10 15:19:13,N02,461,0.0,0.0,0.0,32.0,24.0,0,0,0,0.02765655517578125,0.0
2026-06-10 15:19:22,N02,462,0.0,0.0,0.0,32.0,25.0,0,0,0,0.026702880859375,0.0
2026-06-10 15:19:32,N02,463,0.0,0.0,0.0,33.0,25.0,0,0,0,0.024318695068359375,0.0
2026-06-10 15:19:41,N02,464,0.0,0.0,0.0,32.0,24.0,0,0,0,0.02765655517578125,0.0
2026-06-10 15:19:50,N02,465,0.0,0.0,0.0,32.0,24.0,0,0,0,0.027894973754882812,0.0
2026-06-10 15:19:59,N02,466,0.0,0.0,0.0,32.0,24.0,0,0,0,0.028133392333984375,0.0
2026-06-10 15:20:09,N02,467,0.0,0.0,0.0,32.0,25.0,0,0,0,0.028133392333984375,0.0
2026-06-10 15:20:18,N02,468,0.0,0.0,0.0,32.0,25.0,0,0,0,0.028133392333984375,0.0
2026-06-10 15:20:27,N02,469,0.0,0.0,0.0,32.0,24.0,0,0,0,0.027894973754882812,0.0
2026-06-10 15:20:37,N02,470,0.0,0.0,0.0,31.0,24.0,0,0,0,0.027179718017578125,0.0
2026-06-10 15:20:46,N02,471,0.0,0.0,0.0,32.0,24.0,0,0,0,0.02765655517578125,0.0
2026-06-10 15:20:56,N02,472,0.0,0.0,0.0,32.0,24.0,0,0,0,0.027179718017578125,0.0
2026-06-10 15:21:05,N02,473,0.0,0.0,0.0,31.0,24.0,0,0,0,0.026226043701171875,0.0
2026-06-10 15:21:14,N02,474,0.0,0.0,0.0,32.0,24.0,0,0,0,0.027179718017578125,0.0
2026-06-10 15:21:23,N02,475,0.0,0.0,0.0,32.0,24.0,0,0,0,0.026941299438476562,0.0
2026-06-10 15:21:32,N02,476,0.0,0.0,0.0,32.0,24.0,0,0,0,0.027179718017578125,0.0
2026-06-10 15:21:42,N02,477,0.0,0.0,0.0,31.0,23.0,0,0,0,0.027418136596679688,0.0
2026-06-10 15:21:51,N02,478,0.0,0.0,0.0,32.0,24.0,0,0,0,0.026702880859375,0.0
2026-06-10 15:22:00,N02,479,0.0,0.0,0.0,32.0,24.0,0,0,0,0.02765655517578125,0.0
2026-06-10 15:22:10,N02,480,0.0,0.0,0.0,31.0,23.0,0,0,0,0.026941299438476562,0.0
2026-06-10 15:22:19,N02,481,0.0,0.0,0.0,32.0,24.0,0,0,0,0.02765655517578125,0.0
2026-06-10 15:22:29,N02,482,0.0,0.0,0.0,32.0,24.0,0,0,0,0.026702880859375,0.0
2026-06-10 15:22:38,N02,483,0.0,0.0,0.0,31.0,24.0,0,0,0,0.02765655517578125,0.0
2026-06-10 15:22:47,N02,484,0.0,0.0,0.0,32.0,24.0,0,0,0,0.027179718017578125,0.0
2026-06-10 15:22:57,N02,485,0.0,0.0,0.0,31.0,24.0,0,0,0,0.026941299438476562,0.0
2026-06-10 15:23:06,N02,486,0.0,0.0,0.0,31.0,23.0,0,0,0,0.027418136596679688,0.0
2026-06-10 15:23:15,N02,487,0.0,0.0,0.0,32.0,24.0,0,0,0,0.027179718017578125,0.0
2026-06-10 15:23:24,N02,488,0.0,0.0,0.0,32.0,24.0,0,0,0,0.02765655517578125,0.0
2026-06-10 15:23:33,N02,489,0.0,0.0,0.0,31.0,24.0,0,0,0,0.027418136596679688,0.0
2026-06-10 15:23:43,N02,490,0.0,0.0,0.0,31.0,24.0,0,0,0,0.026464462280273438,0.0
2026-06-10 15:23:52,N02,491,0.0,0.0,0.0,31.0,24.0,0,0,0,0.028848648071289062,0.0
2026-06-10 15:24:01,N02,492,0.0,0.0,0.0,31.0,24.0,0,0,0,0.028133392333984375,0.0
2026-06-10 15:24:10,N02,493,0.0,0.0,0.0,31.0,24.0,0,0,0,0.027418136596679688,0.0
2026-06-10 15:24:20,N02,494,0.0,0.0,0.0,31.0,24.0,0,0,0,0.026464462280273438,0.0
2026-06-10 15:24:29,N02,495,0.0,0.0,0.0,31.0,23.0,0,0,0,0.026941299438476562,0.0
2026-06-10 15:24:38,N02,496,0.0,0.0,0.0,31.0,24.0,0,0,0,0.028371810913085938,0.0
2026-06-10 15:24:47,N02,497,0.0,0.0,0.0,31.0,24.0,0,0,0,0.027179718017578125,0.0
2026-06-10 15:24:57,N02,498,0.0,0.0,0.0,31.0,24.0,0,0,0,0.027894973754882812,0.0
2026-06-10 15:25:06,N02,499,0.0,0.0,0.0,31.0,24.0,0,0,0,0.0286102294921875,0.0
2026-06-10 15:25:16,N02,500,0.0,0.0,0.0,31.0,24.0,0,0,0,0.028133392333984375,0.0
2026-06-10 15:25:25,N02,501,0.0,0.0,0.0,31.0,24.0,0,0,0,0.02765655517578125,0.0
2026-06-10 15:25:34,N02,502,0.0,0.0,0.0,30.0,23.0,0,0,0,0.024318695068359375,0.0
2026-06-10 15:25:44,N02,503,0.0,0.0,0.0,30.0,23.0,0,0,0,0.028133392333984375,0.0
2026-06-10 15:25:53,N02,504,0.0,0.0,0.0,31.0,24.0,0,0,0,0.027179718017578125,0.0
2026-06-10 15:26:02,N02,505,0.0,0.0,0.0,30.0,23.0,0,0,0,0.027418136596679688,0.0
2026-06-10 15:26:11,N02,506,0.0,0.0,0.0,31.0,24.0,0,0,0,0.026941299438476562,0.0
2026-06-10 15:26:20,N02,507,0.0,0.0,0.0,30.0,23.0,0,0,0,0.027179718017578125,0.0
2026-06-10 15:26:30,N02,508,0.0,0.0,0.0,30.0,23.0,0,0,0,0.027418136596679688,0.0
2026-06-10 15:26:39,N02,509,0.0,0.0,0.0,30.0,23.0,0,0,0,0.026941299438476562,0.0
2026-06-10 15:26:48,N02,510,0.0,0.0,0.0,30.0,23.0,0,0,0,0.02765655517578125,0.0
2026-06-10 15:26:57,N02,511,0.0,0.0,0.0,30.0,24.0,0,0,0,0.027179718017578125,0.0
2026-06-10 15:27:06,N02,512,0.0,0.0,0.0,30.0,23.0,0,0,0,0.027418136596679688,0.0
2026-06-10 15:27:15,N02,513,0.0,0.0,0.0,30.0,23.0,0,0,0,0.027418136596679688,0.0
2026-06-10 15:27:25,N02,514,0.0,0.0,0.0,30.0,24.0,0,0,0,0.028133392333984375,0.0
2026-06-10 15:27:34,N02,515,0.0,0.0,0.0,30.0,24.0,0,0,0,0.024318695068359375,0.0
2026-06-10 15:27:43,N02,516,0.0,0.0,0.0,30.0,23.0,0,0,0,0.02765655517578125,0.0
2026-06-10 15:27:53,N02,517,0.0,0.0,0.0,29.0,23.0,0,0,0,0.028133392333984375,0.0
2026-06-10 15:28:02,N02,518,0.0,0.0,0.0,30.0,24.0,0,0,0,0.028133392333984375,0.0
2026-06-10 15:28:11,N02,519,0.0,0.0,0.0,29.0,23.0,0,0,0,0.02765655517578125,0.0
2026-06-10 15:28:21,N02,520,0.0,0.0,0.0,29.0,23.0,0,0,0,0.027418136596679688,0.0
2026-06-10 15:28:30,N02,521,0.0,0.0,0.0,30.0,23.0,0,0,0,0.02384185791015625,0.0
2026-06-10 15:28:39,N02,522,0.0,0.0,0.0,30.0,23.0,0,0,0,0.027179718017578125,0.0
2026-06-10 15:28:49,N02,523,0.0,0.0,0.0,30.0,23.0,0,0,0,0.02765655517578125,0.0
2026-06-10 15:28:58,N02,524,0.0,0.0,0.0,30.0,23.0,0,0,0,0.026464462280273438,0.0
2026-06-10 15:29:07,N02,525,0.0,0.0,0.0,29.0,23.0,0,0,0,0.027179718017578125,0.0
2026-06-10 15:29:16,N02,526,0.0,0.0,0.0,29.0,23.0,0,0,0,0.0286102294921875,0.0
2026-06-10 15:29:25,N02,527,0.0,0.0,0.0,29.0,22.0,0,0,0,0.028133392333984375,0.0
2026-06-10 15:29:35,N02,528,0.0,0.0,0.0,30.0,23.0,0,0,0,0.026226043701171875,0.0
2026-06-10 15:29:44,N02,529,0.0,0.0,0.0,30.0,23.0,0,0,0,0.0286102294921875,0.0
2026-06-10 15:29:53,N02,530,0.0,0.0,0.0,30.0,23.0,0,0,0,0.026702880859375,0.0
2026-06-10 15:30:02,N02,531,0.0,0.0,0.0,29.0,22.0,0,0,0,0.02765655517578125,0.0
2026-06-10 15:30:11,N02,532,0.0,0.0,0.0,29.0,23.0,0,0,0,0.026941299438476562,0.0
2026-06-10 15:30:20,N02,533,0.0,0.0,0.0,29.0,22.0,0,0,0,0.027418136596679688,0.0
2026-06-10 15:30:30,N02,534,0.0,0.0,0.0,30.0,23.0,0,0,0,0.027418136596679688,0.0
2026-06-10 15:30:39,N02,535,0.0,0.0,0.0,29.0,22.0,0,0,0,0.027894973754882812,0.0
2026-06-10 15:30:48,N02,536,0.0,0.0,0.0,29.0,22.0,0,0,0,0.02765655517578125,0.0
2026-06-10 15:30:58,N02,537,0.0,0.0,0.0,29.0,22.0,0,0,0,0.027418136596679688,0.0
2026-06-10 15:31:07,N02,538,0.0,0.0,0.0,29.0,22.0,0,0,0,0.0286102294921875,0.0
2026-06-10 15:31:17,N02,539,0.0,0.0,0.0,29.0,22.0,0,0,0,0.0286102294921875,0.0
2026-06-10 15:31:26,N02,540,0.0,0.0,0.0,29.0,22.0,0,0,0,0.028848648071289062,0.0
2026-06-10 15:31:36,N02,541,0.0,0.0,0.0,29.0,22.0,0,0,0,0.028371810913085938,0.0
2026-06-10 15:31:45,N02,542,0.0,0.0,0.0,29.0,22.0,0,0,0,0.027179718017578125,0.0
2026-06-10 15:31:54,N02,543,0.0,0.0,0.0,29.0,23.0,0,0,0,0.027894973754882812,0.0
2026-06-10 15:32:03,N02,544,0.0,0.0,0.0,29.0,23.0,0,0,0,0.026941299438476562,0.0
2026-06-10 15:32:13,N02,545,0.0,0.0,0.0,29.0,23.0,0,0,0,0.027179718017578125,0.0
2026-06-10 15:32:22,N02,546,0.0,0.0,0.0,29.0,23.0,0,0,0,0.02765655517578125,0.0
2026-06-10 15:32:31,N02,547,0.0,0.0,0.0,28.0,22.0,0,0,0,0.026941299438476562,0.0
2026-06-10 15:32:40,N02,548,0.0,0.0,0.0,29.0,22.0,0,0,0,0.026941299438476562,0.0
2026-06-10 15:32:50,N02,549,0.0,0.0,0.0,29.0,22.0,0,0,0,0.02765655517578125,0.0
2026-06-10 15:32:59,N02,550,0.0,0.0,0.0,28.0,22.0,0,0,0,0.06842613220214844,0.0
2026-06-10 15:33:08,N02,551,0.0,0.0,0.0,28.0,22.0,0,0,0,0.024080276489257812,0.0
2026-06-10 15:33:17,N02,552,0.0,0.0,0.0,29.0,23.0,0,0,0,0.027179718017578125,0.0
2026-06-10 15:33:26,N02,553,0.0,0.0,0.0,29.0,22.0,0,0,0,0.02765655517578125,0.0
2026-06-10 15:33:35,N02,554,0.0,0.0,0.0,28.0,22.0,0,0,0,0.026941299438476562,0.0
2026-06-10 15:33:44,N02,555,0.0,0.0,0.0,28.0,22.0,0,0,0,0.027179718017578125,0.0
2026-06-10 15:33:53,N02,556,0.0,0.0,0.0,28.0,22.0,0,0,0,0.02765655517578125,0.0
2026-06-10 15:34:03,N02,557,0.0,0.0,0.0,28.0,22.0,0,0,0,0.02765655517578125,0.0
2026-06-10 15:34:12,N02,558,0.0,0.0,0.0,28.0,22.0,0,0,0,0.02765655517578125,0.0
2026-06-10 15:34:21,N02,559,0.0,0.0,0.0,28.0,21.0,0,0,0,0.026941299438476562,0.0
2026-06-10 15:34:30,N02,560,0.0,0.0,0.0,28.0,21.0,0,0,0,0.026464462280273438,0.0
2026-06-10 15:34:40,N02,561,0.0,0.0,0.0,28.0,22.0,0,0,0,0.026941299438476562,0.0
2026-06-10 15:34:49,N02,562,0.0,0.0,0.0,29.0,22.0,0,0,0,0.028371810913085938,0.0
2026-06-10 15:34:58,N02,563,0.0,0.0,0.0,28.0,21.0,0,0,0,0.026941299438476562,0.0
2026-06-10 15:35:07,N02,564,0.0,0.0,0.0,28.0,21.0,0,0,0,0.027418136596679688,0.0
2026-06-10 15:35:17,N02,565,0.0,0.0,0.0,28.0,22.0,0,0,0,0.026941299438476562,0.0
2026-06-10 15:35:26,N02,566,0.0,0.0,0.0,28.0,22.0,0,0,0,0.028133392333984375,0.0
2026-06-10 15:35:36,N02,567,0.0,0.0,0.0,28.0,22.0,0,0,0,0.02765655517578125,0.0
2026-06-10 15:35:45,N02,568,0.0,0.0,0.0,28.0,21.0,0,0,0,0.026941299438476562,0.0
2026-06-10 15:35:54,N02,569,0.0,0.0,0.0,28.0,22.0,0,0,0,0.026941299438476562,0.0
2026-06-10 15:36:03,N02,570,0.0,0.0,0.0,28.0,22.0,0,0,0,0.027418136596679688,0.0
2026-06-10 15:36:13,N02,571,0.0,0.0,0.0,28.0,21.0,0,0,0,0.026941299438476562,0.0
2026-06-10 15:36:22,N02,572,0.0,0.0,0.0,28.0,22.0,0,0,0,0.04029273986816406,0.0
2026-06-10 15:36:32,N02,573,0.0,0.0,0.0,27.0,21.0,0,0,0,0.026702880859375,0.0
2026-06-10 15:36:41,N02,574,0.0,0.0,0.0,27.0,21.0,0,0,0,0.027179718017578125,0.0
2026-06-10 15:36:50,N02,575,0.0,0.0,0.0,28.0,22.0,0,0,0,0.02765655517578125,0.0
2026-06-10 15:36:59,N02,576,0.0,0.0,0.0,27.0,21.0,0,0,0,0.027418136596679688,0.0
2026-06-10 15:37:09,N02,577,0.0,0.0,0.0,28.0,22.0,0,0,0,0.027894973754882812,0.0
2026-06-10 15:37:18,N02,578,0.0,0.0,0.0,28.0,22.0,0,0,0,0.02765655517578125,0.0
2026-06-10 15:37:27,N02,579,0.0,0.0,0.0,28.0,22.0,0,0,0,0.026702880859375,0.0
2026-06-10 15:37:36,N02,580,0.0,0.0,0.0,28.0,21.0,0,0,0,0.028371810913085938,0.0
2026-06-10 15:37:46,N02,581,0.0,0.0,0.0,27.0,21.0,0,0,0,0.026702880859375,0.0
2026-06-10 15:37:55,N02,582,0.0,0.0,0.0,28.0,22.0,0,0,0,0.027179718017578125,0.0
2026-06-10 15:38:04,N02,583,0.0,0.0,0.0,27.0,21.0,0,0,0,0.027418136596679688,0.0
2026-06-10 15:38:13,N02,584,0.0,0.0,0.0,28.0,22.0,0,0,0,0.027894973754882812,0.0
2026-06-10 15:38:23,N02,585,0.0,0.0,0.0,27.0,21.0,0,0,0,0.028371810913085938,0.0
2026-06-10 15:38:32,N02,586,0.0,0.0,0.0,28.0,21.0,0,0,0,0.02765655517578125,0.0
2026-06-10 15:38:41,N02,587,0.0,0.0,0.0,27.0,21.0,0,0,0,0.02765655517578125,0.0
2026-06-10 15:38:51,N02,588,0.0,0.0,0.0,27.0,21.0,0,0,0,0.027179718017578125,0.0
2026-06-10 15:39:00,N02,589,0.0,0.0,0.0,27.0,21.0,0,0,0,0.027418136596679688,0.0
2026-06-10 15:39:09,N02,590,0.0,0.0,0.0,27.0,21.0,0,0,0,0.028133392333984375,0.0
2026-06-10 15:39:18,N02,591,0.0,0.0,0.0,27.0,21.0,0,0,0,0.013828277587890625,0.0
2026-06-10 15:39:28,N02,592,0.0,0.0,0.0,27.0,21.0,0,0,0,0.02765655517578125,0.0
2026-06-10 15:39:37,N02,593,0.0,0.0,0.0,27.0,21.0,0,0,0,0.027894973754882812,0.0
2026-06-10 15:39:46,N02,594,0.0,0.0,0.0,27.0,21.0,0,0,0,0.026226043701171875,0.0
2026-06-10 15:39:56,N02,595,0.0,0.0,0.0,28.0,21.0,0,0,0,0.026702880859375,0.0
2026-06-10 15:40:05,N02,596,0.0,0.0,0.0,27.0,21.0,0,0,0,0.027179718017578125,0.0
2026-06-10 15:40:14,N02,597,0.0,0.0,0.0,26.0,20.0,0,0,0,0.027894973754882812,0.0
2026-06-10 15:40:23,N02,598,0.0,0.0,0.0,27.0,20.0,0,0,0,0.027894973754882812,0.0
2026-06-10 15:40:33,N02,599,0.0,0.0,0.0,26.0,20.0,0,0,0,0.027418136596679688,0.0
2026-06-10 15:40:42,N02,600,0.0,0.0,0.0,26.0,20.0,0,0,0,0.027179718017578125,0.0
2026-06-10 15:40:51,N02,601,0.0,0.0,0.0,26.0,20.0,0,0,0,0.027418136596679688,0.0
2026-06-10 15:41:00,N02,602,0.0,0.0,0.0,26.0,20.0,0,0,0,0.027418136596679688,0.0
2026-06-10 15:41:09,N02,603,0.0,0.0,0.0,27.0,21.0,0,0,0,0.027894973754882812,0.0
2026-06-10 15:41:18,N02,604,0.0,0.0,0.0,27.0,21.0,0,0,0,0.027179718017578125,0.0
2026-06-10 15:41:27,N02,605,0.0,0.0,0.0,26.0,20.0,0,0,0,0.028133392333984375,0.0
2026-06-10 15:41:37,N02,606,0.0,0.0,0.0,26.0,20.0,0,0,0,0.027179718017578125,0.0
2026-06-10 15:41:46,N02,607,0.0,0.0,0.0,27.0,21.0,0,0,0,0.027179718017578125,0.0
2026-06-10 15:41:56,N02,608,0.0,0.0,0.0,27.0,21.0,0,0,0,0.025987625122070312,0.0
2026-06-10 15:42:05,N02,609,0.0,0.0,0.0,26.0,20.0,0,0,0,0.025987625122070312,0.0
2026-06-10 15:42:14,N02,610,0.0,0.0,0.0,26.0,20.0,0,0,0,0.027418136596679688,0.0
2026-06-10 15:42:24,N02,611,0.0,0.0,0.0,27.0,21.0,0,0,0,0.027894973754882812,0.0
2026-06-10 15:42:33,N02,612,0.0,0.0,0.0,27.0,21.0,0,0,0,0.026941299438476562,0.0
2026-06-10 15:42:42,N02,613,0.0,0.0,0.0,27.0,21.0,0,0,0,0.027418136596679688,0.0
2026-06-10 15:42:51,N02,614,0.0,0.0,0.0,27.0,21.0,0,0,0,0.026941299438476562,0.0
2026-06-10 15:43:01,N02,615,0.0,0.0,0.0,26.0,20.0,0,0,0,0.029325485229492188,0.0
2026-06-10 15:43:10,N02,616,0.0,0.0,0.0,26.0,20.0,0,0,0,0.027894973754882812,0.0
2026-06-10 15:43:19,N02,617,0.0,0.0,0.0,26.0,20.0,0,0,0,0.027894973754882812,0.0
2026-06-10 15:43:28,N02,618,0.0,0.0,0.0,26.0,20.0,0,0,0,0.02765655517578125,0.0
2026-06-10 15:43:38,N02,619,0.0,0.0,0.0,26.0,21.0,0,0,0,0.02765655517578125,0.0
2026-06-10 15:43:47,N02,620,0.0,0.0,0.0,26.0,20.0,0,0,0,0.026702880859375,0.0
2026-06-10 15:43:57,N02,621,0.0,0.0,0.0,26.0,20.0,0,0,0,0.02765655517578125,0.0
2026-06-10 15:44:06,N02,622,0.0,0.0,0.0,26.0,20.0,0,0,0,0.027894973754882812,0.0
2026-06-10 15:44:15,N02,623,0.0,0.0,0.0,26.0,20.0,0,0,0,0.026941299438476562,0.0
2026-06-10 15:44:24,N02,624,0.0,0.0,0.0,26.0,20.0,0,0,0,0.02765655517578125,0.0
2026-06-10 15:44:33,N02,625,0.0,0.0,0.0,25.0,19.0,0,0,0,0.027894973754882812,0.0
2026-06-10 15:44:43,N02,626,0.0,0.0,0.0,26.0,20.0,0,0,0,0.0286102294921875,0.0
2026-06-10 15:44:52,N02,627,0.0,0.0,0.0,26.0,20.0,0,0,0,0.026702880859375,0.0
2026-06-10 15:45:01,N02,628,0.0,0.0,0.0,26.0,20.0,0,0,0,0.028133392333984375,0.0
2026-06-10 15:45:11,N02,629,0.0,0.0,0.0,26.0,20.0,0,0,0,0.027418136596679688,0.0
2026-06-10 15:45:20,N02,630,0.0,0.0,0.0,26.0,20.0,0,0,0,0.02765655517578125,0.0
2026-06-10 15:45:29,N02,631,0.0,0.0,0.0,25.0,19.0,0,0,0,0.027894973754882812,0.0
2026-06-10 15:45:39,N02,632,0.0,0.0,0.0,26.0,20.0,0,0,0,0.028848648071289062,0.0
2026-06-10 15:45:48,N02,633,0.0,0.0,0.0,26.0,20.0,0,0,0,0.024557113647460938,0.0
2026-06-10 15:45:57,N02,634,0.0,0.0,0.0,25.0,19.0,0,0,0,0.026941299438476562,0.0
2026-06-10 15:46:06,N02,635,0.0,0.0,0.0,26.0,20.0,0,0,0,0.027179718017578125,0.0
2026-06-10 15:46:15,N02,636,0.0,0.0,0.0,26.0,20.0,0,0,0,0.026226043701171875,0.0
2026-06-10 15:46:25,N02,637,0.0,0.0,0.0,25.0,20.0,0,0,0,0.027894973754882812,0.0
2026-06-10 15:46:34,N02,638,0.0,0.0,0.0,26.0,20.0,0,0,0,0.027418136596679688,0.0
2026-06-10 15:46:43,N02,639,0.0,0.0,0.0,25.0,19.0,0,0,0,0.027894973754882812,0.0
2026-06-10 15:46:52,N02,640,0.0,0.0,0.0,26.0,20.0,0,0,0,0.027179718017578125,0.0
2026-06-10 15:47:01,N02,641,0.0,0.0,0.0,26.0,20.0,0,0,0,0.026941299438476562,0.0
2026-06-10 15:47:11,N02,642,0.0,0.0,0.0,25.0,19.0,0,0,0,0.02765655517578125,0.0
2026-06-10 15:47:20,N02,643,0.0,0.0,0.0,25.0,19.0,0,0,0,0.027179718017578125,0.0
2026-06-10 15:47:29,N02,644,0.0,0.0,0.0,25.0,19.0,0,0,0,0.026702880859375,0.0
2026-06-10 15:47:38,N02,645,0.0,0.0,0.0,26.0,20.0,0,0,0,0.0286102294921875,0.0
2026-06-10 15:47:48,N02,646,0.0,0.0,0.0,25.0,19.0,0,0,0,0.027894973754882812,0.0
2026-06-10 15:47:57,N02,647,0.0,0.0,0.0,25.0,20.0,0,0,0,0.027894973754882812,0.0
2026-06-10 15:48:06,N02,648,0.0,0.0,0.0,25.0,19.0,0,0,0,0.026226043701171875,0.0
2026-06-10 15:48:15,N02,649,0.0,0.0,0.0,25.0,19.0,0,0,0,0.026941299438476562,0.0
2026-06-10 15:48:24,N02,650,0.0,0.0,0.0,25.0,19.0,0,0,0,0.028371810913085938,0.0
2026-06-10 15:48:34,N02,651,0.0,0.0,0.0,25.0,19.0,0,0,0,0.027894973754882812,0.0
2026-06-10 15:48:43,N02,652,0.0,0.0,0.0,25.0,20.0,0,0,0,0.027418136596679688,0.0
2026-06-10 15:48:52,N02,653,0.0,0.0,0.0,25.0,20.0,0,0,0,0.028133392333984375,0.0
2026-06-10 15:49:02,N02,654,0.0,0.0,0.0,25.0,19.0,0,0,0,0.027418136596679688,0.0
2026-06-10 15:49:11,N02,655,0.0,0.0,0.0,25.0,19.0,0,0,0,0.027418136596679688,0.0
2026-06-10 15:49:20,N02,656,0.0,0.0,0.0,25.0,20.0,0,0,0,0.026941299438476562,0.0
2026-06-10 15:49:30,N02,657,0.0,0.0,0.0,25.0,20.0,0,0,0,0.026226043701171875,0.0
2026-06-10 15:49:39,N02,658,0.0,0.0,0.0,25.0,19.0,0,0,0,0.0286102294921875,0.0
2026-06-10 15:49:48,N02,659,0.0,0.0,0.0,25.0,20.0,0,0,0,0.026702880859375,0.0
2026-06-10 15:49:57,N02,660,0.0,0.0,0.0,24.0,18.0,0,0,0,0.057220458984375,0.0
2026-06-10 15:50:06,N02,661,0.0,0.0,0.0,24.0,18.0,0,0,0,0.027894973754882812,0.0
2026-06-10 15:50:16,N02,662,0.0,0.0,0.0,25.0,20.0,0,0,0,0.027894973754882812,0.0
2026-06-10 15:50:25,N02,663,0.0,0.0,0.0,25.0,19.0,0,0,0,0.027418136596679688,0.0
2026-06-10 15:50:34,N02,664,0.0,0.0,0.0,25.0,19.0,0,0,0,0.027418136596679688,0.0
2026-06-10 15:50:44,N02,665,0.0,0.0,0.0,24.0,19.0,0,0,0,0.027179718017578125,0.0
2026-06-10 15:50:53,N02,666,0.0,0.0,0.0,25.0,19.0,0,0,0,0.027418136596679688,0.0
2026-06-10 15:51:02,N02,667,0.0,0.0,0.0,25.0,19.0,0,0,0,0.02765655517578125,0.0
2026-06-10 15:51:12,N02,668,0.0,0.0,0.0,25.0,19.0,0,0,0,0.027418136596679688,0.0
2026-06-10 15:51:21,N02,669,0.0,0.0,0.0,24.0,19.0,0,0,0,0.026702880859375,0.0
2026-06-10 15:51:30,N02,670,0.0,0.0,0.0,24.0,19.0,0,0,0,0.026464462280273438,0.0
2026-06-10 15:51:39,N02,671,0.0,0.0,0.0,24.0,18.0,0,0,0,0.025987625122070312,0.0
2026-06-10 15:51:49,N02,672,0.0,0.0,0.0,25.0,19.0,0,0,0,0.02765655517578125,0.0
2026-06-10 15:51:58,N02,673,0.0,0.0,0.0,24.0,18.0,0,0,0,0.02765655517578125,0.0
2026-06-10 15:52:07,N02,674,0.0,0.0,0.0,25.0,19.0,0,0,0,0.026702880859375,0.0
2026-06-10 15:52:17,N02,675,0.0,0.0,0.0,24.0,18.0,0,0,0,0.026702880859375,0.0
2026-06-10 15:52:26,N02,676,0.0,0.0,0.0,25.0,19.0,0,0,0,0.026702880859375,0.0
2026-06-10 15:52:35,N02,677,0.0,0.0,0.0,24.0,18.0,0,0,0,0.026464462280273438,0.0
2026-06-10 15:52:44,N02,678,0.0,0.0,0.0,24.0,18.0,0,0,0,0.027418136596679688,0.0
2026-06-10 15:52:53,N02,679,0.0,0.0,0.0,25.0,19.0,0,0,0,0.024557113647460938,0.0
2026-06-10 15:53:02,N02,680,0.0,0.0,0.0,25.0,19.0,0,0,0,0.027179718017578125,0.0
2026-06-10 15:53:12,N02,681,0.0,0.0,0.0,25.0,19.0,0,0,0,0.027418136596679688,0.0
2026-06-10 15:53:21,N02,682,0.0,0.0,0.0,24.0,19.0,0,0,0,0.027894973754882812,0.0
2026-06-10 15:53:30,N02,683,0.0,0.0,0.0,24.0,19.0,0,0,0,0.027418136596679688,0.0
2026-06-10 15:53:40,N02,684,0.0,0.0,0.0,24.0,18.0,0,0,0,0.026226043701171875,0.0
2026-06-10 15:53:49,N02,685,0.0,0.0,0.0,25.0,19.0,0,0,0,0.026702880859375,0.0
2026-06-10 15:53:58,N02,686,0.0,0.0,0.0,25.0,19.0,0,0,0,0.027179718017578125,0.0
2026-06-10 15:54:08,N02,687,0.0,0.0,0.0,24.0,18.0,0,0,0,0.027894973754882812,0.0
2026-06-10 15:54:17,N02,688,0.0,0.0,0.0,24.0,19.0,0,0,0,0.027179718017578125,0.0
2026-06-10 15:54:26,N02,689,0.0,0.0,0.0,24.0,18.0,0,0,0,0.028371810913085938,0.0
2026-06-10 15:54:36,N02,690,0.0,0.0,0.0,24.0,19.0,0,0,0,0.027418136596679688,0.0
2026-06-10 15:54:45,N02,691,0.0,0.0,0.0,24.0,19.0,0,0,0,0.025272369384765625,0.0
2026-06-10 15:54:54,N02,692,0.0,0.0,0.0,24.0,18.0,0,0,0,0.027418136596679688,0.0
2026-06-10 15:55:03,N02,693,0.0,0.0,0.0,24.0,18.0,0,0,0,0.028133392333984375,0.0
2026-06-10 15:55:12,N02,694,0.0,0.0,0.0,23.0,18.0,0,0,0,0.027418136596679688,0.0
2026-06-10 15:55:22,N02,695,0.0,0.0,0.0,24.0,18.0,0,0,0,0.02765655517578125,0.0
2026-06-10 15:55:31,N02,696,0.0,0.0,0.0,23.0,18.0,0,0,0,0.023603439331054688,0.0
2026-06-10 15:55:40,N02,697,0.0,0.0,0.0,24.0,18.0,0,0,0,0.02574920654296875,0.0
2026-06-10 15:55:49,N02,698,0.0,0.0,0.0,24.0,19.0,0,0,0,0.026464462280273438,0.0
2026-06-10 15:55:59,N02,699,0.0,0.0,0.0,24.0,18.0,0,0,0,0.028133392333984375,0.0
2026-06-10 15:56:08,N02,700,0.0,0.0,0.0,24.0,18.0,0,0,0,0.028133392333984375,0.0
2026-06-10 15:56:17,N02,701,0.0,0.0,0.0,24.0,18.0,0,0,0,0.027179718017578125,0.0
2026-06-10 15:56:27,N02,702,0.0,0.0,0.0,24.0,19.0,0,0,0,0.027179718017578125,0.0
2026-06-10 15:56:36,N02,703,0.0,0.0,0.0,23.0,17.0,0,0,0,0.026226043701171875,0.0
2026-06-10 15:56:45,N02,704,0.0,0.0,0.0,23.0,17.0,0,0,0,0.025510787963867188,0.0
2026-06-10 15:56:54,N02,705,0.0,0.0,0.0,24.0,18.0,0,0,0,0.027179718017578125,0.0
2026-06-10 15:57:03,N02,706,0.0,0.0,0.0,23.0,18.0,0,0,0,0.027179718017578125,0.0
2026-06-10 15:57:12,N02,707,0.0,0.0,0.0,24.0,18.0,0,0,0,0.026941299438476562,0.0
2026-06-10 15:57:21,N02,708,0.0,0.0,0.0,24.0,18.0,0,0,0,0.02765655517578125,0.0
2026-06-10 15:57:30,N02,709,0.0,0.0,0.0,24.0,18.0,0,0,0,0.026226043701171875,0.0
2026-06-10 15:57:40,N02,710,0.0,0.0,0.0,24.0,18.0,0,0,0,0.026941299438476562,0.0
2026-06-10 15:57:49,N02,711,0.0,0.0,0.0,24.0,18.0,0,0,0,0.02765655517578125,0.0
2026-06-10 15:57:58,N02,712,0.0,0.0,0.0,24.0,18.0,0,0,0,0.028133392333984375,0.0
2026-06-10 15:58:07,N02,713,0.0,0.0,0.0,23.0,17.0,0,0,0,0.02765655517578125,0.0
2026-06-10 15:58:16,N02,714,0.0,0.0,0.0,23.0,17.0,0,0,0,0.026941299438476562,0.0
2026-06-10 15:58:26,N02,715,0.0,0.0,0.0,23.0,17.0,0,0,0,0.028371810913085938,0.0
2026-06-10 15:58:35,N02,716,0.0,0.0,0.0,24.0,18.0,0,0,0,0.02765655517578125,0.0
2026-06-10 15:58:44,N02,717,0.0,0.0,0.0,24.0,18.0,0,0,0,0.027179718017578125,0.0
2026-06-10 15:58:53,N02,718,0.0,0.0,0.0,24.0,18.0,0,0,0,0.027418136596679688,0.0
2026-06-10 15:59:02,N02,719,0.0,0.0,0.0,24.0,18.0,0,0,0,0.02765655517578125,0.0
2026-06-10 15:59:11,N02,720,0.0,0.0,0.0,23.0,17.0,0,0,0,0.027179718017578125,0.0
2026-06-10 15:59:20,N02,721,0.0,0.0,0.0,24.0,18.0,0,0,0,0.026941299438476562,0.0
2026-06-10 15:59:30,N02,722,0.0,0.0,0.0,24.0,18.0,0,0,0,0.026464462280273438,0.0
2026-06-10 15:59:39,N02,723,0.0,0.0,0.0,24.0,18.0,0,0,0,0.028848648071289062,0.0
2026-06-10 15:59:49,N02,724,0.0,0.0,0.0,23.0,17.0,0,0,0,0.026941299438476562,0.0
2026-06-10 15:59:58,N02,725,0.0,0.0,0.0,23.0,17.0,0,0,0,0.02765655517578125,0.0
2026-06-10 16:00:07,N02,726,0.0,0.0,0.0,23.0,18.0,0,0,0,0.026941299438476562,0.0
2026-06-10 16:00:16,N02,727,0.0,0.0,0.0,23.0,17.0,0,0,0,0.026702880859375,0.0
2026-06-10 16:00:25,N02,728,0.0,0.0,0.0,23.0,17.0,0,0,0,0.026941299438476562,0.0
2026-06-10 16:00:35,N02,729,0.0,0.0,0.0,23.0,18.0,0,0,0,0.026702880859375,0.0
2026-06-10 16:00:44,N02,730,0.0,0.0,0.0,22.0,17.0,0,0,0,0.027179718017578125,0.0
2026-06-10 16:00:53,N02,731,0.0,0.0,0.0,23.0,17.0,0,0,0,0.02765655517578125,0.0
2026-06-10 16:01:02,N02,732,0.0,0.0,0.0,23.0,18.0,0,0,0,0.027418136596679688,0.0
2026-06-10 16:01:11,N02,733,0.0,0.0,0.0,23.0,18.0,0,0,0,0.026464462280273438,0.0
2026-06-10 16:01:21,N02,734,0.0,0.0,0.0,23.0,17.0,0,0,0,0.026702880859375,0.0
2026-06-10 16:01:30,N02,735,0.0,0.0,0.0,23.0,18.0,0,0,0,0.02765655517578125,0.0
2026-06-10 16:01:40,N02,736,0.0,0.0,0.0,23.0,18.0,0,0,0,0.026464462280273438,0.0
2026-06-10 16:01:49,N02,737,0.0,0.0,0.0,22.0,17.0,0,0,0,0.02765655517578125,0.0
2026-06-10 16:01:58,N02,738,0.0,0.0,0.0,23.0,18.0,0,0,0,0.027894973754882812,0.0
2026-06-10 16:02:08,N02,739,0.0,0.0,0.0,22.0,17.0,0,0,0,0.026464462280273438,0.0
2026-06-10 16:02:17,N02,740,0.0,0.0,0.0,23.0,17.0,0,0,0,0.026464462280273438,0.0
2026-06-10 16:02:26,N02,741,0.0,0.0,0.0,22.0,17.0,0,0,0,0.02765655517578125,0.0
2026-06-10 16:02:35,N02,742,0.0,0.0,0.0,23.0,18.0,0,0,0,0.027418136596679688,0.0
2026-06-10 16:02:44,N02,743,0.0,0.0,0.0,22.0,17.0,0,0,0,0.026702880859375,0.0
2026-06-10 16:02:54,N02,744,0.0,0.0,0.0,23.0,18.0,0,0,0,0.026941299438476562,0.0
2026-06-10 16:03:03,N02,745,0.0,0.0,0.0,22.0,16.0,0,0,0,0.027179718017578125,0.0
2026-06-10 16:03:12,N02,746,0.0,0.0,0.0,22.0,17.0,0,0,0,0.028133392333984375,0.0
2026-06-10 16:03:21,N02,747,0.0,0.0,0.0,22.0,16.0,0,0,0,0.026702880859375,0.0
2026-06-10 16:03:30,N02,748,0.0,0.0,0.0,23.0,17.0,0,0,0,0.02765655517578125,0.0
2026-06-10 16:03:40,N02,749,0.0,0.0,0.0,22.0,16.0,0,0,0,0.026941299438476562,0.0
2026-06-10 16:03:49,N02,750,0.0,0.0,0.0,23.0,17.0,0,0,0,0.027894973754882812,0.0
2026-06-10 16:03:58,N02,751,0.0,0.0,0.0,23.0,18.0,0,0,0,0.027179718017578125,0.0
2026-06-10 16:04:07,N02,752,0.0,0.0,0.0,22.0,16.0,0,0,0,0.027894973754882812,0.0
2026-06-10 16:04:16,N02,753,0.0,0.0,0.0,22.0,17.0,0,0,0,0.027179718017578125,0.0
2026-06-10 16:04:25,N02,754,0.0,0.0,0.0,23.0,17.0,0,0,0,0.026941299438476562,0.0
2026-06-10 16:04:34,N02,755,0.0,0.0,0.0,22.0,17.0,0,0,0,0.027418136596679688,0.0
2026-06-10 16:04:44,N02,756,0.0,0.0,0.0,22.0,17.0,0,0,0,0.02765655517578125,0.0
2026-06-10 16:04:53,N02,757,0.0,0.0,0.0,23.0,17.0,0,0,0,0.026702880859375,0.0
2026-06-10 16:05:02,N02,758,0.0,0.0,0.0,22.0,16.0,0,0,0,0.027418136596679688,0.0
2026-06-10 16:05:12,N02,759,0.0,0.0,0.0,22.0,16.0,0,0,0,0.027179718017578125,0.0
2026-06-10 16:05:21,N02,760,0.0,0.0,0.0,22.0,17.0,0,0,0,0.026702880859375,0.0
2026-06-10 16:05:30,N02,761,0.0,0.0,0.0,22.0,16.0,0,0,0,0.026226043701171875,0.0
2026-06-10 16:05:39,N02,762,0.0,0.0,0.0,23.0,17.0,0,0,0,0.028133392333984375,0.0
2026-06-10 16:05:48,N02,763,0.0,0.0,0.0,22.0,16.0,0,0,0,0.02765655517578125,0.0
2026-06-10 16:05:58,N02,764,0.0,0.0,0.0,23.0,17.0,0,0,0,0.025033950805664062,0.0
2026-06-10 16:06:07,N02,765,0.0,0.0,0.0,22.0,16.0,0,0,0,0.028133392333984375,0.0
2026-06-10 16:06:16,N02,766,0.0,0.0,0.0,23.0,17.0,0,0,0,0.023603439331054688,0.0
2026-06-10 16:06:26,N02,767,0.0,0.0,0.0,23.0,17.0,0,0,0,0.027179718017578125,0.0
2026-06-10 16:06:35,N02,768,0.0,0.0,0.0,22.0,17.0,0,0,0,0.026464462280273438,0.0
2026-06-10 16:06:44,N02,769,0.0,0.0,0.0,22.0,17.0,0,0,0,0.02765655517578125,0.0
2026-06-10 16:06:53,N02,770,0.0,0.0,0.0,22.0,17.0,0,0,0,0.02765655517578125,0.0
2026-06-10 16:07:02,N02,771,0.0,0.0,0.0,22.0,17.0,0,0,0,0.0286102294921875,0.0
2026-06-10 16:07:12,N02,772,0.0,0.0,0.0,22.0,16.0,0,0,0,0.026941299438476562,0.0
2026-06-10 16:07:21,N02,773,0.0,0.0,0.0,22.0,17.0,0,0,0,0.026702880859375,0.0
2026-06-10 16:07:30,N02,774,0.0,0.0,0.0,22.0,16.0,0,0,0,0.026941299438476562,0.0
2026-06-10 16:07:40,N02,775,0.0,0.0,0.0,21.0,16.0,0,0,0,0.026941299438476562,0.0
2026-06-10 16:07:49,N02,776,0.0,0.0,0.0,22.0,16.0,0,0,0,0.027894973754882812,0.0
2026-06-10 16:07:59,N02,777,0.0,0.0,0.0,21.0,16.0,0,0,0,0.027418136596679688,0.0
2026-06-10 16:08:08,N02,778,0.0,0.0,0.0,21.0,16.0,0,0,0,0.026941299438476562,0.0
2026-06-10 16:08:17,N02,779,0.0,0.0,0.0,22.0,16.0,0,0,0,0.027179718017578125,0.0
2026-06-10 16:08:27,N02,780,0.0,0.0,0.0,22.0,17.0,0,0,0,0.027179718017578125,0.0
2026-06-10 16:08:36,N02,781,0.0,0.0,0.0,21.0,16.0,0,0,0,0.02765655517578125,0.0
2026-06-10 16:08:45,N02,782,0.0,0.0,0.0,21.0,16.0,0,0,0,0.026464462280273438,0.0
2026-06-10 16:08:54,N02,783,0.0,0.0,0.0,21.0,16.0,0,0,0,0.026941299438476562,0.0
2026-06-10 16:09:04,N02,784,0.0,0.0,0.0,21.0,16.0,0,0,0,0.026941299438476562,0.0
2026-06-10 16:09:13,N02,785,0.0,0.0,0.0,21.0,16.0,0,0,0,0.026226043701171875,0.0
2026-06-10 16:09:22,N02,786,0.0,0.0,0.0,21.0,16.0,0,0,0,0.027894973754882812,0.0
2026-06-10 16:09:31,N02,787,0.0,0.0,0.0,21.0,16.0,0,0,0,0.026702880859375,0.0
2026-06-10 16:09:40,N02,788,0.0,0.0,0.0,22.0,17.0,0,0,0,0.027418136596679688,0.0
2026-06-10 16:09:49,N02,789,0.0,0.0,0.0,21.0,16.0,0,0,0,0.027179718017578125,0.0
2026-06-10 16:09:59,N02,790,0.0,0.0,0.0,22.0,17.0,0,0,0,0.026941299438476562,0.0
2026-06-10 16:10:08,N02,791,0.0,0.0,0.0,21.0,16.0,0,0,0,0.026702880859375,0.0
2026-06-10 16:10:17,N02,792,0.0,0.0,0.0,21.0,16.0,0,0,0,0.05626678466796875,0.0
2026-06-10 16:10:27,N02,793,0.0,0.0,0.0,21.0,15.0,0,0,0,0.027418136596679688,0.0
2026-06-10 16:10:36,N02,794,0.0,0.0,0.0,21.0,15.0,0,0,0,0.027894973754882812,0.0
2026-06-10 16:10:46,N02,795,0.0,0.0,0.0,21.0,16.0,0,0,0,0.026702880859375,0.0
2026-06-10 16:10:55,N02,796,0.0,0.0,0.0,22.0,17.0,0,0,0,0.026464462280273438,0.0
2026-06-10 16:11:04,N02,797,0.0,0.0,0.0,22.0,16.0,0,0,0,0.02765655517578125,0.0
2026-06-10 16:11:13,N02,798,0.0,0.0,0.0,22.0,17.0,0,0,0,0.026941299438476562,0.0
2026-06-10 16:11:22,N02,799,0.0,0.0,0.0,21.0,16.0,0,0,0,0.028371810913085938,0.0
2026-06-10 16:11:31,N02,800,0.0,0.0,0.0,21.0,15.0,0,0,0,0.027179718017578125,0.0
2026-06-10 16:11:41,N02,801,0.0,0.0,0.0,21.0,16.0,0,0,0,0.057220458984375,0.0
2026-06-10 16:11:50,N02,802,0.0,0.0,0.0,22.0,16.0,0,0,0,0.026464462280273438,0.0
2026-06-10 16:11:59,N02,803,0.0,0.0,0.0,22.0,16.0,0,0,0,0.027179718017578125,0.0
2026-06-10 16:12:08,N02,804,0.0,0.0,0.0,22.0,16.0,0,0,0,0.026702880859375,0.0
2026-06-10 16:12:17,N02,805,0.0,0.0,0.0,22.0,16.0,0,0,0,0.027418136596679688,0.0
2026-06-10 16:12:27,N02,806,0.0,0.0,0.0,21.0,15.0,0,0,0,0.026941299438476562,0.0
2026-06-10 16:12:36,N02,807,0.0,0.0,0.0,21.0,15.0,0,0,0,0.028371810913085938,0.0
2026-06-10 16:12:45,N02,808,0.0,0.0,0.0,21.0,16.0,0,0,0,0.026702880859375,0.0
2026-06-10 16:12:55,N02,809,0.0,0.0,0.0,22.0,16.0,0,0,0,0.027418136596679688,0.0
2026-06-10 16:13:04,N02,810,0.0,0.0,0.0,21.0,15.0,0,0,0,0.028371810913085938,0.0
2026-06-10 16:13:13,N02,811,0.0,0.0,0.0,21.0,16.0,0,0,0,0.027894973754882812,0.0
2026-06-10 16:13:22,N02,812,0.0,0.0,0.0,21.0,15.0,0,0,0,0.02765655517578125,0.0
2026-06-10 16:13:31,N02,813,0.0,0.0,0.0,21.0,16.0,0,0,0,0.02765655517578125,0.0
2026-06-10 16:13:41,N02,814,0.0,0.0,0.0,21.0,16.0,0,0,0,0.027894973754882812,0.0
2026-06-10 16:13:50,N02,815,0.0,0.0,0.0,21.0,15.0,0,0,0,0.027894973754882812,0.0
2026-06-10 16:13:59,N02,816,0.0,0.0,0.0,21.0,15.0,0,0,0,0.027418136596679688,0.0
2026-06-10 16:14:08,N02,817,0.0,0.0,0.0,21.0,15.0,0,0,0,0.027894973754882812,0.0
2026-06-10 16:14:17,N02,818,0.0,0.0,0.0,21.0,16.0,0,0,0,0.02765655517578125,0.0
2026-06-10 16:14:27,N02,819,0.0,0.0,0.0,21.0,16.0,0,0,0,0.027894973754882812,0.0
2026-06-10 16:14:36,N02,820,0.0,0.0,0.0,21.0,16.0,0,0,0,0.02765655517578125,0.0
2026-06-10 16:14:45,N02,821,0.0,0.0,0.0,21.0,16.0,0,0,0,0.026941299438476562,0.0
2026-06-10 16:14:54,N02,822,0.0,0.0,0.0,21.0,16.0,0,0,0,0.027179718017578125,0.0
2026-06-10 16:15:03,N02,823,0.0,0.0,0.0,20.0,15.0,0,0,0,0.027894973754882812,0.0
2026-06-10 16:15:13,N02,824,0.0,0.0,0.0,21.0,16.0,0,0,0,0.02765655517578125,0.0
2026-06-10 16:15:22,N02,825,0.0,0.0,0.0,21.0,15.0,0,0,0,0.027179718017578125,0.0
2026-06-10 16:15:31,N02,826,0.0,0.0,0.0,21.0,16.0,0,0,0,0.027894973754882812,0.0
2026-06-10 16:15:40,N02,827,0.0,0.0,0.0,20.0,15.0,0,0,0,0.026941299438476562,0.0
2026-06-10 16:15:50,N02,828,0.0,0.0,0.0,20.0,15.0,0,0,0,0.025987625122070312,0.0
2026-06-10 16:15:59,N02,829,0.0,0.0,0.0,21.0,16.0,1,0,0,0.026702880859375,0.0
2026-06-10 16:16:09,N02,830,0.0,0.0,0.0,20.0,15.0,1,0,0,0.027894973754882812,0.0
2026-06-10 16:16:18,N02,831,0.0,0.0,0.0,21.0,16.0,1,0,0,0.027418136596679688,0.0
2026-06-10 16:16:27,N02,832,0.0,0.0,0.0,20.0,15.0,1,0,0,0.027179718017578125,0.0
2026-06-10 16:16:37,N02,833,0.0,0.0,0.0,21.0,16.0,1,0,0,0.027179718017578125,0.0
2026-06-10 16:16:46,N02,834,0.0,0.0,0.0,44.0,21.0,1,0,0,0.027894973754882812,0.0
2026-06-10 16:16:55,N02,835,0.0,0.0,0.0,43.0,33.0,1,0,0,0.026941299438476562,0.0
2026-06-10 16:17:04,N02,836,0.0,0.0,0.0,50.0,57.0,1,0,0,0.027418136596679688,0.0
2026-06-10 16:17:13,N02,837,0.0,0.0,0.0,54.0,61.0,1,0,0,0.027179718017578125,0.0
2026-06-10 16:17:23,N02,838,0.0,0.0,0.0,55.0,60.0,1,0,0,0.027179718017578125,0.0
2026-06-10 16:17:32,N02,839,0.0,0.0,0.0,55.0,60.0,1,0,0,0.028133392333984375,0.0
2026-06-10 16:17:41,N02,840,0.0,0.0,0.0,55.0,60.0,1,0,0,0.025987625122070312,0.0
2026-06-10 16:17:50,N02,841,0.0,0.0,0.0,56.0,60.0,1,0,0,0.028133392333984375,0.0
2026-06-10 16:18:00,N02,842,0.0,0.0,0.0,56.0,59.0,1,0,0,0.026941299438476562,0.0
2026-06-10 16:18:09,N02,843,0.0,0.0,0.0,56.0,59.0,1,0,0,0.028133392333984375,0.0
2026-06-10 16:18:18,N02,844,0.0,0.0,0.0,59.0,62.0,1,0,0,0.027179718017578125,0.0
2026-06-10 16:18:27,N02,845,0.0,0.0,0.0,65.0,63.0,1,1,0,0.027179718017578125,0.0
2026-06-10 16:18:37,N02,846,0.0,0.0,0.0,64.0,64.0,1,0,0,0.02765655517578125,0.0
2026-06-10 16:18:46,N02,847,0.0,0.0,0.0,63.0,64.0,1,0,0,0.026941299438476562,0.0
2026-06-10 16:18:55,N02,848,0.0,0.0,0.0,63.0,63.0,1,0,0,0.027418136596679688,0.0
2026-06-10 16:19:05,N02,849,0.0,0.0,0.0,65.0,66.0,1,1,0,0.02765655517578125,0.0
2026-06-10 16:19:14,N02,850,0.0,0.0,0.0,68.0,68.0,1,1,0,0.02765655517578125,0.0
2026-06-10 16:19:23,N02,851,0.0,0.0,0.0,68.0,67.0,1,1,0,0.027894973754882812,0.0
2026-06-10 16:19:33,N02,852,0.0,0.0,0.0,69.0,67.0,1,1,0,0.027894973754882812,0.0
2026-06-10 16:19:42,N02,853,0.0,0.0,0.0,69.0,67.0,1,1,0,0.027894973754882812,0.0
2026-06-10 16:19:51,N02,854,0.0,0.0,0.0,69.0,68.0,1,1,0,0.026941299438476562,0.0
2026-06-10 16:20:00,N02,855,0.0,0.0,0.0,68.0,67.0,1,1,0,0.026702880859375,0.0
2026-06-10 16:20:09,N02,856,0.0,0.0,0.0,68.0,67.0,1,1,0,0.026464462280273438,0.0
2026-06-10 16:20:19,N02,857,0.0,0.0,0.0,68.0,67.0,1,1,0,0.02765655517578125,0.0
2026-06-10 16:20:28,N02,858,0.0,0.0,0.0,73.0,73.0,1,1,0,0.02765655517578125,0.0
2026-06-10 16:20:37,N02,859,0.0,0.0,0.0,74.0,74.0,1,1,0,0.027179718017578125,0.0
2026-06-10 16:20:47,N02,860,0.0,0.0,0.0,73.0,72.0,0,1,0,0.028133392333984375,0.0
2026-06-10 16:20:56,N02,861,0.0,0.0,0.0,72.0,71.0,1,1,0,0.027179718017578125,0.0
2026-06-10 16:21:07,N02,0,-52.1,88.7,0.0,86.0,82.0,1,2,2,0.028133392333984375,0.0
2026-06-10 16:21:17,N02,1,0.1,-23.6,0.0,84.0,79.0,1,2,0,0.026702880859375,0.0
2026-06-10 16:21:26,N02,2,-0.5,9.0,0.0,81.0,76.0,0,2,1,0.02765655517578125,0.0
2026-06-10 16:21:35,N02,3,-1.6,-14.8,14.9,79.0,75.0,1,2,2,0.027179718017578125,0.0
2026-06-10 16:22:12,N02,0,0.5,-0.2,0.5,97.0,94.0,1,2,1,0.027179718017578125,0.0
2026-06-10 16:22:21,N02,1,-0.2,-5.5,0.3,87.0,81.0,1,2,0,0.027418136596679688,0.0
2026-06-10 16:22:31,N02,2,-0.8,-25.8,0.3,83.0,77.0,1,2,1,0.028371810913085938,0.0
2026-06-10 16:22:40,N02,3,-13.2,-25.5,0.3,81.0,76.0,1,2,2,0.027418136596679688,0.0
2026-06-10 16:22:50,N02,4,-17.7,-23.8,0.3,79.0,75.0,1,2,2,0.026226043701171875,0.0
2026-06-10 16:22:59,N02,5,-18.4,-24.2,0.3,78.0,74.0,1,2,2,0.028133392333984375,0.0
2026-06-10 16:23:08,N02,6,-23.2,-24.2,0.3,77.0,74.0,1,2,2,0.027179718017578125,0.0
2026-06-10 16:23:18,N02,7,-25.8,-23.8,0.3,77.0,74.0,1,2,2,0.027894973754882812,0.0
2026-06-10 16:23:27,N02,8,-1.2,-6.3,0.3,76.0,73.0,1,2,1,0.026226043701171875,0.0
2026-06-10 16:23:37,N02,9,-0.4,-7.0,0.3,76.0,73.0,1,2,0,0.02765655517578125,0.0
2026-06-10 16:23:46,N02,10,-0.4,-7.1,0.3,76.0,73.0,1,2,0,0.02765655517578125,0.0
2026-06-10 16:23:55,N02,11,-0.5,-7.0,0.3,76.0,73.0,1,2,1,0.028133392333984375,0.0
2026-06-10 16:24:04,N02,12,-0.4,-7.0,0.3,75.0,72.0,1,2,0,0.028371810913085938,0.0
2026-06-10 16:24:14,N02,13,-0.4,-7.0,0.3,77.0,73.0,1,2,0,0.026941299438476562,0.0
2026-06-10 16:24:23,N02,14,-0.5,-7.0,0.3,77.0,80.0,1,2,1,0.027894973754882812,0.0
2026-06-10 16:24:32,N02,15,-0.4,-7.0,0.3,77.0,77.0,1,2,0,0.027894973754882812,0.0
2026-06-10 16:24:41,N02,16,-0.4,-7.0,0.3,76.0,76.0,1,2,0,0.027894973754882812,0.0
2026-06-10 16:24:51,N02,17,-0.4,-7.0,0.3,76.0,75.0,1,2,0,0.027894973754882812,0.0
2026-06-10 16:25:00,N02,18,-0.4,-7.0,0.3,76.0,75.0,1,2,0,0.027179718017578125,0.0
2026-06-10 16:25:10,N02,19,-0.4,-7.0,0.3,76.0,75.0,1,2,0,0.026226043701171875,0.0
2026-06-10 16:25:19,N02,20,-0.4,-7.0,0.3,76.0,75.0,1,2,0,0.027179718017578125,0.0
2026-06-10 16:25:28,N02,21,-0.4,-6.9,0.3,75.0,74.0,1,2,0,0.026226043701171875,0.0
2026-06-10 16:25:38,N02,22,-0.4,-7.0,0.3,75.0,74.0,1,2,0,0.024318695068359375,0.0
2026-06-10 16:25:47,N02,23,-0.5,-7.0,0.3,75.0,74.0,1,2,1,0.027418136596679688,0.0
2026-06-10 16:25:57,N02,24,-0.5,-7.0,0.3,75.0,74.0,1,2,1,0.026941299438476562,0.0
2026-06-10 16:26:06,N02,25,-0.5,-6.9,0.3,77.0,75.0,1,2,1,0.027894973754882812,0.0
2026-06-10 16:26:16,N02,26,-0.4,-7.0,0.3,76.0,75.0,1,2,0,0.026941299438476562,0.0
2026-06-10 16:26:25,N02,27,-0.3,-6.9,0.3,76.0,74.0,1,2,0,0.026226043701171875,0.0
2026-06-10 16:26:34,N02,28,-0.4,-7.0,0.3,75.0,74.0,1,2,0,0.022172927856445312,0.0
2026-06-10 16:26:43,N02,29,-0.8,-7.0,0.3,75.0,74.0,1,2,1,0.028133392333984375,0.0
2026-06-10 16:26:54,N02,30,-0.4,-6.9,0.3,75.0,74.0,1,2,0,0.027179718017578125,0.0
2026-06-10 16:27:03,N02,31,-0.4,-7.0,0.3,75.0,74.0,1,2,0,0.02765655517578125,0.0
2026-06-10 16:27:12,N02,32,-0.4,-6.9,0.3,75.0,74.0,1,2,0,0.027418136596679688,0.0
2026-06-10 16:27:21,N02,33,-0.4,-7.0,0.3,75.0,74.0,1,2,0,0.02765655517578125,0.0
2026-06-10 16:27:31,N02,34,-0.4,-7.0,0.3,75.0,74.0,1,2,0,0.027418136596679688,0.0
2026-06-10 16:27:40,N02,35,-0.5,-6.9,0.3,75.0,73.0,1,2,1,0.0286102294921875,0.0
2026-06-10 16:27:49,N02,36,-0.4,-6.8,0.3,75.0,73.0,1,2,0,0.027894973754882812,0.0
2026-06-10 16:27:59,N02,37,-0.4,-6.5,0.3,75.0,73.0,1,2,0,0.027418136596679688,0.0
2026-06-10 16:28:08,N02,38,-0.3,-6.6,0.3,75.0,73.0,1,2,0,0.027418136596679688,0.0
2026-06-10 16:28:18,N02,39,-0.3,-6.5,0.3,75.0,73.0,1,2,0,0.028848648071289062,0.0
2026-06-10 16:28:27,N02,40,-0.3,-6.5,0.3,74.0,73.0,1,1,0,0.027179718017578125,0.0
2026-06-10 16:28:36,N02,41,-0.1,-0.1,0.1,47.0,73.0,1,1,0,0.028371810913085938,0.0
2026-06-10 16:28:45,N02,42,-0.1,0.0,0.1,68.0,66.0,0,1,0,0.027179718017578125,0.0
2026-06-10 16:28:54,N02,43,-0.1,0.0,0.1,67.0,65.0,0,1,0,0.026702880859375,0.0
2026-06-10 16:29:04,N02,44,-0.1,-0.1,0.2,66.0,64.0,0,1,0,0.028371810913085938,0.0
2026-06-10 16:29:13,N02,45,-0.1,0.1,0.1,65.0,63.0,0,1,0,0.027179718017578125,0.0
2026-06-10 16:29:23,N02,46,-0.9,-26.9,3.0,65.0,63.0,1,2,1,0.026941299438476562,0.0
2026-06-10 16:29:32,N02,47,-0.8,-25.2,3.0,65.0,63.0,1,2,1,0.026702880859375,0.0
2026-06-10 16:29:41,N02,48,-0.2,-0.1,0.2,65.0,63.0,0,1,0,0.028133392333984375,0.0
2026-06-10 16:29:51,N02,49,-0.2,-0.1,0.2,64.0,63.0,0,0,0,0.027179718017578125,0.0
2026-06-10 16:30:00,N02,50,-0.2,-0.1,0.2,64.0,62.0,0,0,0,0.027179718017578125,0.0
2026-06-10 16:30:09,N02,51,-0.2,-0.2,0.2,64.0,62.0,0,0,0,0.026702880859375,0.0
2026-06-10 16:30:19,N02,52,-0.1,-0.1,0.2,64.0,62.0,0,0,0,0.027894973754882812,0.0
2026-06-10 16:30:28,N02,53,-0.2,-0.1,0.2,64.0,62.0,0,0,0,0.027418136596679688,0.0
2026-06-10 16:30:37,N02,54,-0.2,-0.1,0.2,64.0,62.0,0,0,0,0.026941299438476562,0.0
2026-06-10 16:30:47,N02,55,-0.2,0.0,0.2,64.0,62.0,0,0,0,0.02765655517578125,0.0
2026-06-10 16:30:56,N02,56,-0.2,-0.1,0.2,63.0,61.0,0,0,0,0.028133392333984375,0.0
2026-06-10 16:31:05,N02,57,-0.2,-0.1,0.3,63.0,61.0,0,0,0,0.02765655517578125,0.0
2026-06-10 16:31:14,N02,58,-0.1,-0.2,0.2,63.0,61.0,0,0,0,0.027894973754882812,0.0
2026-06-10 16:31:24,N02,59,-0.1,-0.1,0.2,63.0,61.0,0,0,0,0.027418136596679688,0.0
2026-06-10 16:31:33,N02,60,-0.1,-0.1,0.2,63.0,61.0,0,0,0,0.027418136596679688,0.0
2026-06-10 16:31:42,N02,61,-0.1,-0.2,0.2,63.0,61.0,0,0,0,0.026941299438476562,0.0
2026-06-10 16:31:51,N02,62,-0.1,-0.1,0.2,63.0,61.0,0,0,0,0.027179718017578125,0.0
2026-06-10 16:32:00,N02,63,-0.1,-0.1,0.2,63.0,61.0,0,0,0,0.029087066650390625,0.0
2026-06-10 16:32:10,N02,64,-0.1,-0.2,0.2,63.0,61.0,0,0,0,0.02574920654296875,0.0
2026-06-10 16:32:19,N02,65,-0.1,-0.2,0.2,63.0,61.0,0,0,0,0.02765655517578125,0.0
2026-06-10 16:32:28,N02,66,-0.1,-0.1,0.2,63.0,61.0,0,0,0,0.02765655517578125,0.0
2026-06-10 16:32:38,N02,67,-0.1,-0.2,0.2,63.0,61.0,0,0,0,0.027894973754882812,0.0
2026-06-10 16:32:47,N02,68,-0.1,-0.1,0.2,62.0,60.0,0,0,0,0.027179718017578125,0.0
2026-06-10 16:32:56,N02,69,-0.2,-0.1,0.2,62.0,60.0,0,0,0,0.026464462280273438,0.0
2026-06-10 16:33:06,N02,70,-0.1,-0.1,0.2,62.0,60.0,0,0,0,0.028133392333984375,0.0
2026-06-10 16:33:15,N02,71,-0.2,-0.1,0.2,62.0,60.0,0,0,0,0.026941299438476562,0.0
2026-06-10 16:33:24,N02,72,-0.2,-0.1,0.2,62.0,60.0,0,0,0,0.027418136596679688,0.0
2026-06-10 16:33:33,N02,73,-0.2,-0.1,0.2,62.0,60.0,0,0,0,0.027418136596679688,0.0
2026-06-10 16:33:42,N02,74,-0.2,-0.1,0.2,62.0,60.0,0,0,0,0.027179718017578125,0.0
2026-06-10 16:33:52,N02,75,-0.3,0.0,0.3,62.0,59.0,0,0,0,0.027894973754882812,0.0
2026-06-10 16:34:01,N02,76,-0.3,-0.2,0.3,62.0,59.0,1,0,0,0.0286102294921875,0.0
2026-06-10 16:34:11,N02,77,-0.6,-18.0,18.1,73.0,73.0,1,2,1,0.027894973754882812,0.0
2026-06-10 16:34:20,N02,78,-0.6,-13.6,13.6,69.0,69.0,1,2,1,0.026464462280273438,0.0
2026-06-10 16:34:29,N02,79,-0.6,-11.1,11.1,68.0,68.0,1,2,1,0.02765655517578125,0.0
2026-06-10 16:34:38,N02,80,-0.6,-14.0,14.0,68.0,67.0,1,2,1,0.027894973754882812,0.0
2026-06-10 16:34:47,N02,81,-0.7,-4.8,4.8,68.0,67.0,0,2,1,0.028133392333984375,0.0
2026-06-10 16:34:57,N02,82,-0.8,-4.7,4.8,67.0,67.0,0,2,1,0.02765655517578125,0.0
2026-06-10 16:35:06,N02,83,-0.8,-4.7,4.8,67.0,66.0,0,2,1,0.026941299438476562,0.0
2026-06-10 16:35:16,N02,84,-0.7,-4.7,4.7,67.0,66.0,0,2,1,0.027418136596679688,0.0
2026-06-10 16:35:25,N02,85,-0.8,-4.7,4.7,67.0,66.0,0,2,1,0.026464462280273438,0.0
2026-06-10 16:35:35,N02,86,-0.7,-4.7,4.8,67.0,66.0,0,2,1,0.025272369384765625,0.0
2026-06-10 16:35:44,N02,87,-0.7,-4.7,4.7,67.0,66.0,0,2,1,0.027179718017578125,0.0
2026-06-10 16:35:53,N02,88,-0.8,-4.8,4.8,67.0,66.0,0,2,1,0.027179718017578125,0.0
2026-06-10 16:36:03,N02,89,-0.7,-4.7,4.8,67.0,66.0,0,2,1,0.026941299438476562,0.0
2026-06-10 16:36:13,N02,90,-0.7,-4.7,4.8,66.0,66.0,0,2,1,0.027179718017578125,0.0
2026-06-10 16:36:22,N02,91,-0.7,-4.7,4.8,66.0,66.0,0,2,1,0.027418136596679688,0.0
2026-06-10 16:36:31,N02,92,-0.7,-4.8,4.8,66.0,66.0,0,2,1,0.027179718017578125,0.0
2026-06-10 16:36:41,N02,93,0.0,-0.1,0.1,66.0,65.0,0,1,0,0.02765655517578125,0.0
2026-06-10 16:36:50,N02,94,-0.1,-0.2,0.2,66.0,65.0,0,1,0,0.025987625122070312,0.0
2026-06-10 16:36:59,N02,95,0.0,-0.1,0.1,66.0,65.0,0,1,0,0.028133392333984375,0.0
2026-06-10 16:37:08,N02,96,0.0,-0.1,0.1,66.0,65.0,0,1,0,0.027179718017578125,0.0
2026-06-10 16:37:18,N02,97,0.0,-0.1,0.1,66.0,65.0,0,1,0,0.027894973754882812,0.0
2026-06-10 16:37:27,N02,98,0.0,-0.1,0.1,66.0,65.0,0,1,0,0.042438507080078125,0.0
2026-06-10 16:37:36,N02,99,0.0,-0.1,0.1,66.0,65.0,0,1,0,0.027418136596679688,0.0
2026-06-10 16:37:46,N02,100,0.0,-0.1,0.1,66.0,65.0,0,1,0,0.028133392333984375,0.0
2026-06-10 16:37:55,N02,101,0.0,-0.1,0.1,66.0,65.0,0,1,0,0.026941299438476562,0.0
2026-06-10 16:38:04,N02,102,0.0,-0.1,0.1,66.0,65.0,0,1,0,0.027894973754882812,0.0
2026-06-10 16:38:13,N02,103,0.0,-0.1,0.1,66.0,65.0,0,1,0,0.026941299438476562,0.0
2026-06-10 16:38:23,N02,104,0.0,-0.1,0.1,66.0,65.0,0,1,0,0.027179718017578125,0.0
2026-06-10 16:38:32,N02,105,-0.1,-0.1,0.1,66.0,65.0,0,1,0,0.02765655517578125,0.0
2026-06-10 16:38:41,N02,106,-0.1,-0.1,0.1,66.0,65.0,0,1,0,0.027894973754882812,0.0
2026-06-10 16:38:51,N02,107,0.0,-0.1,0.1,66.0,65.0,0,1,0,0.027179718017578125,0.0
2026-06-10 16:39:00,N02,108,-0.1,-0.1,0.1,66.0,65.0,0,1,0,0.02574920654296875,0.0
2026-06-10 16:39:09,N02,109,0.0,-0.1,0.1,66.0,65.0,0,1,0,0.02765655517578125,0.0
2026-06-10 16:39:18,N02,110,-0.1,-0.1,0.1,65.0,65.0,0,1,0,0.027894973754882812,0.0
2026-06-10 16:39:27,N02,111,0.0,-0.1,0.1,65.0,65.0,0,1,0,0.027894973754882812,0.0
2026-06-10 16:39:37,N02,112,-0.1,-0.1,0.1,65.0,65.0,0,1,0,0.026941299438476562,0.0
2026-06-10 16:39:46,N02,113,-0.1,-0.1,0.1,65.0,65.0,0,1,0,0.028133392333984375,0.0
2026-06-10 16:39:56,N02,114,-0.2,0.2,0.3,65.0,64.0,0,1,0,0.026226043701171875,0.0
2026-06-10 16:40:05,N02,115,-0.1,0.2,0.2,65.0,65.0,0,1,0,0.026464462280273438,0.0
2026-06-10 16:40:14,N02,116,0.0,0.2,0.2,65.0,64.0,0,1,0,0.027418136596679688,0.0
2026-06-10 16:40:23,N02,117,0.0,0.2,0.2,65.0,64.0,0,1,0,0.027179718017578125,0.0
2026-06-10 16:40:33,N02,118,0.0,0.1,0.1,65.0,64.0,0,1,0,0.026941299438476562,0.0
2026-06-10 16:40:42,N02,119,0.0,0.2,0.2,65.0,64.0,0,1,0,0.027894973754882812,0.0
2026-06-10 16:40:51,N02,120,0.0,0.1,0.1,65.0,64.0,0,1,0,0.027418136596679688,0.0
2026-06-10 16:41:00,N02,121,0.0,0.2,0.2,65.0,64.0,0,1,0,0.027179718017578125,0.0
2026-06-10 16:41:10,N02,122,-0.2,0.2,0.3,65.0,64.0,0,1,0,0.026941299438476562,0.0
2026-06-10 16:41:19,N02,123,0.1,0.1,0.1,65.0,64.0,0,1,0,0.028133392333984375,0.0
2026-06-10 16:41:28,N02,124,-0.1,0.2,0.2,65.0,64.0,0,1,0,0.027179718017578125,0.0
2026-06-10 16:41:38,N02,125,0.0,0.2,0.2,65.0,64.0,0,1,0,0.026464462280273438,0.0
2026-06-10 16:41:47,N02,126,0.0,0.2,0.2,65.0,64.0,0,1,0,0.027179718017578125,0.0
2026-06-10 16:41:56,N02,127,0.1,0.1,0.1,65.0,64.0,0,1,0,0.026941299438476562,0.0
2026-06-10 16:42:06,N02,128,0.0,0.2,0.2,65.0,64.0,0,1,0,0.028371810913085938,0.0
2026-06-10 16:42:15,N02,129,0.0,0.2,0.2,65.0,64.0,0,1,0,0.026464462280273438,0.0
2026-06-10 16:42:24,N02,130,0.0,0.2,0.2,65.0,64.0,0,1,0,0.027418136596679688,0.0
2026-06-10 16:42:34,N02,131,0.0,0.1,0.1,65.0,64.0,0,1,0,0.02765655517578125,0.0
2026-06-10 16:42:43,N02,132,-0.1,0.1,0.2,65.0,64.0,0,1,0,0.025987625122070312,0.0
2026-06-10 16:42:52,N02,133,-0.2,0.3,0.4,65.0,64.0,0,1,0,0.026702880859375,0.0
2026-06-10 16:43:01,N02,134,0.0,0.1,0.1,65.0,64.0,0,1,0,0.026941299438476562,0.0
2026-06-10 16:43:11,N02,135,0.0,0.2,0.2,65.0,64.0,0,1,0,0.027894973754882812,0.0
2026-06-10 16:43:20,N02,136,0.0,0.1,0.1,65.0,64.0,0,1,0,0.028371810913085938,0.0
2026-06-10 16:43:29,N02,137,0.0,0.2,0.2,65.0,64.0,0,1,0,0.028133392333984375,0.0
2026-06-10 16:43:39,N02,138,0.0,0.2,0.2,65.0,64.0,0,1,0,0.027894973754882812,0.0
2026-06-10 16:43:48,N02,139,0.0,0.2,0.2,62.0,62.0,0,0,0,0.027894973754882812,0.0
2026-06-10 16:43:58,N02,140,0.0,0.2,0.2,61.0,61.0,0,0,0,0.026941299438476562,0.0
2026-06-10 16:44:07,N02,141,0.0,0.1,0.2,60.0,61.0,0,0,0,0.028133392333984375,0.0
2026-06-10 16:44:16,N02,142,0.0,0.2,0.2,60.0,60.0,0,0,0,0.02765655517578125,0.0
2026-06-10 16:44:26,N02,143,-0.2,0.1,0.2,60.0,60.0,0,0,0,0.027894973754882812,0.0
2026-06-10 16:44:35,N02,144,0.0,0.2,0.2,60.0,60.0,0,0,0,0.027894973754882812,0.0
2026-06-10 16:44:44,N02,145,0.0,0.2,0.2,59.0,60.0,0,0,0,0.029087066650390625,0.0
2026-06-10 16:44:54,N02,146,0.0,0.2,0.2,59.0,59.0,0,0,0,0.027418136596679688,0.0
2026-06-10 16:45:03,N02,147,0.0,0.2,0.2,59.0,59.0,0,0,0,0.027418136596679688,0.0
2026-06-10 16:45:12,N02,148,0.0,0.2,0.2,59.0,59.0,1,0,0,0.02765655517578125,0.0
2026-06-10 16:45:21,N02,149,0.0,0.1,0.1,59.0,59.0,1,0,0,0.028133392333984375,0.0
2026-06-10 16:45:31,N02,150,0.1,0.1,0.1,58.0,59.0,1,0,0,0.027179718017578125,0.0
2026-06-10 16:45:40,N02,151,0.0,0.2,0.2,58.0,59.0,1,0,0,0.02765655517578125,0.0
2026-06-10 16:45:50,N02,152,0.1,0.1,0.1,58.0,59.0,1,0,0,0.025987625122070312,0.0
2026-06-10 16:45:59,N02,153,0.1,0.1,0.1,68.0,67.0,1,1,0,0.027894973754882812,0.0
2026-06-10 16:46:08,N02,154,0.0,0.2,0.2,69.0,69.0,1,1,0,0.027894973754882812,0.0
2026-06-10 16:46:17,N02,155,0.0,0.1,0.1,68.0,69.0,1,1,0,0.027894973754882812,0.0
2026-06-10 16:46:27,N02,156,0.0,0.1,0.1,75.0,71.0,1,2,0,0.027418136596679688,0.0
2026-06-10 16:46:37,N02,157,0.0,0.1,0.1,75.0,73.0,1,2,0,0.026702880859375,0.0
2026-06-10 16:46:46,N02,158,0.0,0.1,0.1,73.0,72.0,1,1,0,0.027179718017578125,0.0
2026-06-10 16:46:56,N02,159,0.3,0.0,0.3,77.0,80.0,1,2,0,0.026702880859375,0.0
2026-06-10 16:47:05,N02,160,0.0,0.2,0.2,74.0,76.0,1,2,0,0.026702880859375,0.0
2026-06-10 16:47:14,N02,161,0.0,0.2,0.2,73.0,74.0,1,1,0,0.02765655517578125,0.0
2026-06-10 16:47:24,N02,162,0.0,0.1,0.1,73.0,74.0,1,1,0,0.027179718017578125,0.0
2026-06-10 16:47:33,N02,163,0.0,0.2,0.2,73.0,73.0,1,1,0,0.027894973754882812,0.0
2026-06-10 16:47:42,N02,164,0.0,0.1,0.1,73.0,73.0,1,1,0,0.0286102294921875,0.0
2026-06-10 16:47:51,N02,165,0.0,0.2,0.2,73.0,73.0,1,1,0,0.027179718017578125,0.0
2026-06-10 16:48:01,N02,166,0.0,0.1,0.1,73.0,73.0,1,1,0,0.026941299438476562,0.0
2026-06-10 16:48:10,N02,167,0.0,0.2,0.2,73.0,74.0,1,1,0,0.024318695068359375,0.0
2026-06-10 16:48:19,N02,168,0.0,0.2,0.2,73.0,73.0,1,1,0,0.027894973754882812,0.0
